일  자,요일,이용자수
2007-01-01,월,319503
2007-01-02,화,652874
2007-01-03,수,664462
2007-01-04,목,675185
2007-01-05,금,691405
2007-01-06,토,573676
2007-01-07,일,419793
2007-01-08,월,659458
2007-01-09,화,688329
2007-01-10,수,685696
2007-01-11,목,682227
2007-01-12,금,697826
2007-01-13,토,589487
2007-01-14,일,439213
2007-01-15,월,681484
2007-01-16,화,690431
2007-01-17,수,686109
2007-01-18,목,682570
2007-01-19,금,701196
2007-01-20,토,622493
2007-01-21,일,471813
2007-01-22,월,676262
2007-01-23,화,690308
2007-01-24,수,690833
2007-01-25,목,700846
2007-01-26,금,679845
2007-01-27,토,601617
2007-01-28,일,437521
2007-01-29,월,672405
2007-01-30,화,672047
2007-01-31,수,658709
2007-02-01,목,644992
2007-02-02,금,669074
2007-02-03,토,616990
2007-02-04,일,458307
2007-02-05,월,729169
2007-02-06,화,755553
2007-02-07,수,769351
2007-02-08,목,674525
2007-02-09,금,762975
2007-02-10,토,620648
2007-02-11,일,468682
2007-02-12,월,712748
2007-02-13,화,697436
2007-02-14,수,720409
2007-02-15,목,696554
2007-02-16,금,677685
2007-02-17,토,304395
2007-02-18,일,200612
2007-02-19,월,308495
2007-02-20,화,663602
2007-02-21,수,734830
2007-02-22,목,732218
2007-02-23,금,734254
2007-02-24,토,665091
2007-02-25,일,483072
2007-02-26,월,711139
2007-02-27,화,730718
2007-02-28,수,752805
2007-03-01,목,563460
2007-03-02,금,781042
2007-03-03,토,728377
2007-03-04,일,452951
2007-03-05,월,781511
2007-03-06,화,767606
2007-03-07,수,786283
2007-03-08,목,783263
2007-03-09,금,822483
2007-03-10,토,672416
2007-03-11,일,471433
2007-03-12,월,797977
2007-03-13,화,820277
2007-03-14,수,833029
2007-03-15,목,813070
2007-03-16,금,806957
2007-03-17,토,725441
2007-03-18,일,518322
2007-03-19,월,808957
2007-03-20,화,823540
2007-03-21,수,808511
2007-03-22,목,821386
2007-03-23,금,815305
2007-03-24,토,659030
2007-03-25,일,523439
2007-03-26,월,779817
2007-03-27,화,840649
2007-03-28,수,817853
2007-03-29,목,768408
2007-03-30,금,815907
2007-03-31,토,672053
2007-04-01,일,458625
2007-04-02,월,793593
2007-04-03,화,812554
2007-04-04,수,804158
2007-04-05,목,815598
2007-04-06,금,812154
2007-04-07,토,767064
2007-04-08,일,532168
2007-04-09,월,802943
2007-04-10,화,832089
2007-04-11,수,823928
2007-04-12,목,823747
2007-04-13,금,807415
2007-04-14,토,718918
2007-04-15,일,504059
2007-04-16,월,728584
2007-04-17,화,834783
2007-04-18,수,832065
2007-04-19,목,816057
2007-04-20,금,805678
2007-04-21,토,761056
2007-04-22,일,500926
2007-04-23,월,805647
2007-04-24,화,814246
2007-04-25,수,818762
2007-04-26,목,805511
2007-04-27,금,840743
2007-04-28,토,707484
2007-04-29,일,519924
2007-04-30,월,805927
2007-05-01,화,736992
2007-05-02,수,845691
2007-05-03,목,835216
2007-05-04,금,869976
2007-05-05,토,631426
2007-05-06,일,506552
2007-05-07,월,841694
2007-05-08,화,851995
2007-05-09,수,804530
2007-05-10,목,845839
2007-05-11,금,851062
2007-05-12,토,654557
2007-05-13,일,564533
2007-05-14,월,824297
2007-05-15,화,850552
2007-05-16,수,772478
2007-05-17,목,856405
2007-05-18,금,832197
2007-05-19,토,782495
2007-05-20,일,535263
2007-05-21,월,823430
2007-05-22,화,843144
2007-05-23,수,852694
2007-05-24,목,611291
2007-05-25,금,808588
2007-05-26,토,698764
2007-05-27,일,517274
2007-05-28,월,809527
2007-05-29,화,806356
2007-05-30,수,822688
2007-05-31,목,818727
2007-06-01,금,823368
2007-06-02,토,756862
2007-06-03,일,504814
2007-06-04,월,805646
2007-06-05,화,829278
2007-06-06,수,591954
2007-06-07,목,811284
2007-06-08,금,815774
2007-06-09,토,689369
2007-06-10,일,497922
2007-06-11,월,801088
2007-06-12,화,818231
2007-06-13,수,810644
2007-06-14,목,779553
2007-06-15,금,847292
2007-06-16,토,764285
2007-06-17,일,487231
2007-06-18,월,798292
2007-06-19,화,817527
2007-06-20,수,811920
2007-06-21,목,751054
2007-06-22,금,809386
2007-06-23,토,620877
2007-06-24,일,472438
2007-06-25,월,769064
2007-06-26,화,809714
2007-06-27,수,800554
2007-06-28,목,758744
2007-06-29,금,798646
2007-06-30,토,744217
2007-07-01,일,398792
2007-07-02,월,792040
2007-07-03,화,822862
2007-07-04,수,761824
2007-07-05,목,817903
2007-07-06,금,807832
2007-07-07,토,768530
2007-07-08,일,500680
2007-07-09,월,764684
2007-07-10,화,765398
2007-07-11,수,803824
2007-07-12,목,813849
2007-07-13,금,829612
2007-07-14,토,680493
2007-07-15,일,492682
2007-07-16,월,752071
2007-07-17,화,567164
2007-07-18,수,761541
2007-07-19,목,718287
2007-07-20,금,746902
2007-07-21,토,635335
2007-07-22,일,486138
2007-07-23,월,751407
2007-07-24,화,755624
2007-07-25,수,745231
2007-07-26,목,726367
2007-07-27,금,728738
2007-07-28,토,604752
2007-07-29,일,412396
2007-07-30,월,694948
2007-07-31,화,715551
2007-08-01,수,675729
2007-08-02,목,661831
2007-08-03,금,622149
2007-08-04,토,533744
2007-08-05,일,411738
2007-08-06,월,702551
2007-08-07,화,638655
2007-08-08,수,624069
2007-08-09,목,719359
2007-08-10,금,733794
2007-08-11,토,637796
2007-08-12,일,422139
2007-08-13,월,725015
2007-08-14,화,701698
2007-08-15,수,567685
2007-08-16,목,720584
2007-08-17,금,706353
2007-08-18,토,637525
2007-08-19,일,464545
2007-08-20,월,780628
2007-08-21,화,779203
2007-08-22,수,784079
2007-08-23,목,780021
2007-08-24,금,818013
2007-08-25,토,669617
2007-08-26,일,480489
2007-08-27,월,832677
2007-08-28,화,816514
2007-08-29,수,781838
2007-08-30,목,810435
2007-08-31,금,843376
2007-09-01,토,645447
2007-09-02,일,474134
2007-09-03,월,836292
2007-09-04,화,806212
2007-09-05,수,789826
2007-09-06,목,822677
2007-09-07,금,863636
2007-09-08,토,726297
2007-09-09,일,520106
2007-09-10,월,849687
2007-09-11,화,858902
2007-09-12,수,867206
2007-09-13,목,855603
2007-09-14,금,796104
2007-09-15,토,698044
2007-09-16,일,472477
2007-09-17,월,838410
2007-09-18,화,845168
2007-09-19,수,852843
2007-09-20,목,890983
2007-09-21,금,948625
2007-09-22,토,747240
2007-09-23,일,488048
2007-09-24,월,340177
2007-09-25,화,224566
2007-09-26,수,364122
2007-09-27,목,793640
2007-09-28,금,841403
2007-09-29,토,783322
2007-09-30,일,502201
2007-10-01,월,836096
2007-10-02,화,831839
2007-10-03,수,639769
2007-10-04,목,825253
2007-10-05,금,881944
2007-10-06,토,789694
2007-10-07,일,501139
2007-10-08,월,813394
2007-10-09,화,860941
2007-10-10,수,860233
2007-10-11,목,843832
2007-10-12,금,846182
2007-10-13,토,733731
2007-10-14,일,524698
2007-10-15,월,823976
2007-10-16,화,832240
2007-10-17,수,834449
2007-10-18,목,849377
2007-10-19,금,831096
2007-10-20,토,786421
2007-10-21,일,533454
2007-10-22,월,812058
2007-10-23,화,858421
2007-10-24,수,837525
2007-10-25,목,808776
2007-10-26,금,834501
2007-10-27,토,727465
2007-10-28,일,560280
2007-10-29,월,811368
2007-10-30,화,822554
2007-10-31,수,838517
2007-11-01,목,827721
2007-11-02,금,822883
2007-11-03,토,795233
2007-11-04,일,529153
2007-11-05,월,813183
2007-11-06,화,810939
2007-11-07,수,866575
2007-11-08,목,822081
2007-11-09,금,833939
2007-11-10,토,741304
2007-11-11,일,540532
2007-11-12,월,815535
2007-11-13,화,822921
2007-11-14,수,888322
2007-11-15,목,793171
2007-11-16,금,843444
2007-11-17,토,778449
2007-11-18,일,494529
2007-11-19,월,789215
2007-11-20,화,810304
2007-11-21,수,822791
2007-11-22,목,833152
2007-11-23,금,835094
2007-11-24,토,686481
2007-11-25,일,514979
2007-11-26,월,814220
2007-11-27,화,820588
2007-11-28,수,823004
2007-11-29,목,805733
2007-11-30,금,809773
2007-12-01,토,744496
2007-12-02,일,451258
2007-12-03,월,784032
2007-12-04,화,787751
2007-12-05,수,783926
2007-12-06,목,804561
2007-12-07,금,806298
2007-12-08,토,652818
2007-12-09,일,480965
2007-12-10,월,818922
2007-12-11,화,819767
2007-12-12,수,820551
2007-12-13,목,806279
2007-12-14,금,806263
2007-12-15,토,761660
2007-12-16,일,504304
2007-12-17,월,795482
2007-12-18,화,801536
2007-12-19,수,628749
2007-12-20,목,803894
2007-12-21,금,820987
2007-12-22,토,692635
2007-12-23,일,494440
2007-12-24,월,794104
2007-12-25,화,562233
2007-12-26,수,792895
2007-12-27,목,786633
2007-12-28,금,755235
2007-12-29,토,717348
2007-12-30,일,416994
2007-12-31,월,629931
2008-01-01,화,315031
2008-01-02,수,648223
2008-01-03,목,694634
2008-01-04,금,711125
2008-01-05,토,628228
2008-01-06,일,455205
2008-01-07,월,727267
2008-01-08,화,760897
2008-01-09,수,733162
2008-01-10,목,740685
2008-01-11,금,670950
2008-01-12,토,601043
2008-01-13,일,462423
2008-01-14,월,702912
2008-01-15,화,733686
2008-01-16,수,695987
2008-01-17,목,681746
2008-01-18,금,718139
2008-01-19,토,637232
2008-01-20,일,452375
2008-01-21,월,674210
2008-01-22,화,689321
2008-01-23,수,707418
2008-01-24,목,666070
2008-01-25,금,716185
2008-01-26,토,628000
2008-01-27,일,485149
2008-01-28,월,694215
2008-01-29,화,715865
2008-01-30,수,713697
2008-01-31,목,694431
2008-02-01,금,739435
2008-02-02,토,631661
2008-02-03,일,468843
2008-02-04,월,736163
2008-02-05,화,714968
2008-02-06,수,336420
2008-02-07,목,181973
2008-02-08,금,274345
2008-02-09,토,470708
2008-02-10,일,465067
2008-02-11,월,790310
2008-02-12,화,773912
2008-02-13,수,766249
2008-02-14,목,794080
2008-02-15,금,778075
2008-02-16,토,661382
2008-02-17,일,486416
2008-02-18,월,737718
2008-02-19,화,733084
2008-02-20,수,757182
2008-02-21,목,743873
2008-02-22,금,767167
2008-02-23,토,607105
2008-02-24,일,522628
2008-02-25,월,713321
2008-02-26,화,695471
2008-02-27,수,727816
2008-02-28,목,734874
2008-02-29,금,772809
2008-03-01,토,611245
2008-03-02,일,506477
2008-03-03,월,848066
2008-03-04,화,841047
2008-03-05,수,862107
2008-03-06,목,854646
2008-03-07,금,845541
2008-03-08,토,722211
2008-03-09,일,531035
2008-03-10,월,855300
2008-03-11,화,865335
2008-03-12,수,884467
2008-03-13,목,849372
2008-03-14,금,862540
2008-03-15,토,813576
2008-03-16,일,527131
2008-03-17,월,850217
2008-03-18,화,862850
2008-03-19,수,840774
2008-03-20,목,860606
2008-03-21,금,843670
2008-03-22,토,741092
2008-03-23,일,444564
2008-03-24,월,841032
2008-03-25,화,872441
2008-03-26,수,852696
2008-03-27,목,829426
2008-03-28,금,872937
2008-03-29,토,749941
2008-03-30,일,495300
2008-03-31,월,826254
2008-04-01,화,848933
2008-04-02,수,870534
2008-04-03,목,854541
2008-04-04,금,850321
2008-04-05,토,830790
2008-04-06,일,566626
2008-04-07,월,823386
2008-04-08,화,903026
2008-04-09,수,571904
2008-04-10,목,820831
2008-04-11,금,874005
2008-04-12,토,735393
2008-04-13,일,524430
2008-04-14,월,859129
2008-04-15,화,872845
2008-04-16,수,852856
2008-04-17,목,800574
2008-04-18,금,873212
2008-04-19,토,792800
2008-04-20,일,555814
2008-04-21,월,837398
2008-04-22,화,848802
2008-04-23,수,793630
2008-04-24,목,849942
2008-04-25,금,872047
2008-04-26,토,701146
2008-04-27,일,564161
2008-04-28,월,853274
2008-04-29,화,872441
2008-04-30,수,882478
2008-05-01,목,817705
2008-05-02,금,868509
2008-05-03,토,798352
2008-05-04,일,523854
2008-05-05,월,612911
2008-05-06,화,884802
2008-05-07,수,902929
2008-05-08,목,881634
2008-05-09,금,877407
2008-05-10,토,736589
2008-05-11,일,567075
2008-05-12,월,627224
2008-05-13,화,797955
2008-05-14,수,884575
2008-05-15,목,896032
2008-05-16,금,875886
2008-05-17,토,843432
2008-05-18,일,557128
2008-05-19,월,862258
2008-05-20,화,877164
2008-05-21,수,867358
2008-05-22,목,885717
2008-05-23,금,887630
2008-05-24,토,729621
2008-05-25,일,585566
2008-05-26,월,865854
2008-05-27,화,872564
2008-05-28,수,788213
2008-05-29,목,883049
2008-05-30,금,871494
2008-05-31,토,828267
2008-06-01,일,553704
2008-06-02,월,858476
2008-06-03,화,857522
2008-06-04,수,841808
2008-06-05,목,877629
2008-06-06,금,650596
2008-06-07,토,781577
2008-06-08,일,488866
2008-06-09,월,884113
2008-06-10,화,874712
2008-06-11,수,858599
2008-06-12,목,892330
2008-06-13,금,880833
2008-06-14,토,736884
2008-06-15,일,549496
2008-06-16,월,839450
2008-06-17,화,863261
2008-06-18,수,773450
2008-06-19,목,882834
2008-06-20,금,864028
2008-06-21,토,759402
2008-06-22,일,516979
2008-06-23,월,850768
2008-06-24,화,830321
2008-06-25,수,871160
2008-06-26,목,846428
2008-06-27,금,855273
2008-06-28,토,588944
2008-06-29,일,469076
2008-06-30,월,854409
2008-07-01,화,862922
2008-07-02,수,802156
2008-07-03,목,888403
2008-07-04,금,860264
2008-07-05,토,836284
2008-07-06,일,509117
2008-07-07,월,832400
2008-07-08,화,845312
2008-07-09,수,858928
2008-07-10,목,851547
2008-07-11,금,870434
2008-07-12,토,719099
2008-07-13,일,506121
2008-07-14,월,837456
2008-07-15,화,867941
2008-07-16,수,890525
2008-07-17,목,820570
2008-07-18,금,812481
2008-07-19,토,664663
2008-07-20,일,467872
2008-07-21,월,784829
2008-07-22,화,806690
2008-07-23,수,809596
2008-07-24,목,801265
2008-07-25,금,747628
2008-07-26,토,693710
2008-07-27,일,486970
2008-07-28,월,752489
2008-07-29,화,780828
2008-07-30,수,747161
2008-07-31,목,739383
2008-08-01,금,745613
2008-08-02,토,580779
2008-08-03,일,442159
2008-08-04,월,745061
2008-08-05,화,779194
2008-08-06,수,784587
2008-08-07,목,791231
2008-08-08,금,792336
2008-08-09,토,639400
2008-08-10,일,481466
2008-08-11,월,763728
2008-08-12,화,762372
2008-08-13,수,771508
2008-08-14,목,787424
2008-08-15,금,556997
2008-08-16,토,579260
2008-08-17,일,486895
2008-08-18,월,768295
2008-08-19,화,797741
2008-08-20,수,811153
2008-08-21,목,818155
2008-08-22,금,752897
2008-08-23,토,710372
2008-08-24,일,529110
2008-08-25,월,866028
2008-08-26,화,877699
2008-08-27,수,880786
2008-08-28,목,876282
2008-08-29,금,883532
2008-08-30,토,820600
2008-08-31,일,542959
2008-09-01,월,868778
2008-09-02,화,902748
2008-09-03,수,913589
2008-09-04,목,911557
2008-09-05,금,909813
2008-09-06,토,830141
2008-09-07,일,552894
2008-09-08,월,893121
2008-09-09,화,882312
2008-09-10,수,948465
2008-09-11,목,898622
2008-09-12,금,867156
2008-09-13,토,407670
2008-09-14,일,253994
2008-09-15,월,373072
2008-09-16,화,823619
2008-09-17,수,889392
2008-09-18,목,903138
2008-09-19,금,907230
2008-09-20,토,822108
2008-09-21,일,553127
2008-09-22,월,901573
2008-09-23,화,892811
2008-09-24,수,885043
2008-09-25,목,890234
2008-09-26,금,911643
2008-09-27,토,767617
2008-09-28,일,551275
2008-09-29,월,854981
2008-09-30,화,894923
2008-10-01,수,886619
2008-10-02,목,921807
2008-10-03,금,634455
2008-10-04,토,775379
2008-10-05,일,520228
2008-10-06,월,887316
2008-10-07,화,917194
2008-10-08,수,911648
2008-10-09,목,892719
2008-10-10,금,882855
2008-10-11,토,762841
2008-10-12,일,554069
2008-10-13,월,875182
2008-10-14,화,892035
2008-10-15,수,898465
2008-10-16,목,889374
2008-10-17,금,881976
2008-10-18,토,825285
2008-10-19,일,571328
2008-10-20,월,864370
2008-10-21,화,888034
2008-10-22,수,815329
2008-10-23,목,852724
2008-10-24,금,879212
2008-10-25,토,758639
2008-10-26,일,564503
2008-10-27,월,854275
2008-10-28,화,885570
2008-10-29,수,900944
2008-10-30,목,881334
2008-10-31,금,868642
2008-11-01,토,829133
2008-11-02,일,567877
2008-11-03,월,865656
2008-11-04,화,885106
2008-11-05,수,877210
2008-11-06,목,873503
2008-11-07,금,882238
2008-11-08,토,727618
2008-11-09,일,522512
2008-11-10,월,864578
2008-11-11,화,886355
2008-11-12,수,932547
2008-11-13,목,832458
2008-11-14,금,880243
2008-11-15,토,806739
2008-11-16,일,560112
2008-11-17,월,858706
2008-11-18,화,840100
2008-11-19,수,849203
2008-11-20,목,857038
2008-11-21,금,859814
2008-11-22,토,725454
2008-11-23,일,532595
2008-11-24,월,768356
2008-11-25,화,891565
2008-11-26,수,868216
2008-11-27,목,835439
2008-11-28,금,886733
2008-11-29,토,755131
2008-11-30,일,498107
2008-12-01,월,832709
2008-12-02,화,843198
2008-12-03,수,861430
2008-12-04,목,819352
2008-12-05,금,811670
2008-12-06,토,685149
2008-12-07,일,483475
2008-12-08,월,822003
2008-12-09,화,847885
2008-12-10,수,862199
2008-12-11,목,850015
2008-12-12,금,865736
2008-12-13,토,692881
2008-12-14,일,482920
2008-12-15,월,828494
2008-12-16,화,861697
2008-12-17,수,834525
2008-12-18,목,831969
2008-12-19,금,837346
2008-12-20,토,761164
2008-12-21,일,515410
2008-12-22,월,772241
2008-12-23,화,853991
2008-12-24,수,842707
2008-12-25,목,560970
2008-12-26,금,770265
2008-12-27,토,663194
2008-12-28,일,481529
2008-12-29,월,798303
2008-12-30,화,814920
2008-12-31,수,728282
2009-01-01,목,332107
2009-01-02,금,659121
2009-01-03,토,599593
2009-01-04,일,450539
2009-01-05,월,751266
2009-01-06,화,757077
2009-01-07,수,772383
2009-01-08,목,746582
2009-01-09,금,760309
2009-01-10,토,612389
2009-01-11,일,435406
2009-01-12,월,709064
2009-01-13,화,721786
2009-01-14,수,755748
2009-01-15,목,734704
2009-01-16,금,750867
2009-01-17,토,616486
2009-01-18,일,497727
2009-01-19,월,727519
2009-01-20,화,769481
2009-01-21,수,735186
2009-01-22,목,756840
2009-01-23,금,693952
2009-01-24,토,524389
2009-01-25,일,326746
2009-01-26,월,177395
2009-01-27,화,290864
2009-01-28,수,673971
2009-01-29,목,725241
2009-01-30,금,709116
2009-01-31,토,657347
2009-02-01,일,503573
2009-02-02,월,749446
2009-02-03,화,758733
2009-02-04,수,772507
2009-02-05,목,758996
2009-02-06,금,759763
2009-02-07,토,708828
2009-02-08,일,486235
2009-02-09,월,825342
2009-02-10,화,822778
2009-02-11,수,824680
2009-02-12,목,814826
2009-02-13,금,748744
2009-02-14,토,689121
2009-02-15,일,526114
2009-02-16,월,728976
2009-02-17,화,743666
2009-02-18,수,752006
2009-02-19,목,720612
2009-02-20,금,735284
2009-02-21,토,683018
2009-02-22,일,421347
2009-02-23,월,751566
2009-02-24,화,763625
2009-02-25,수,803041
2009-02-26,목,770073
2009-02-27,금,802004
2009-02-28,토,696279
2009-03-01,일,542508
2009-03-02,월,872935
2009-03-03,화,821194
2009-03-04,수,887001
2009-03-05,목,782679
2009-03-06,금,936475
2009-03-07,토,769597
2009-03-08,일,539634
2009-03-09,월,858665
2009-03-10,화,892015
2009-03-11,수,909655
2009-03-12,목,852442
2009-03-13,금,826947
2009-03-14,토,707105
2009-03-15,일,514966
2009-03-16,월,846370
2009-03-17,화,887585
2009-03-18,수,896755
2009-03-19,목,861852
2009-03-20,금,879574
2009-03-21,토,794943
2009-03-22,일,493774
2009-03-23,월,857119
2009-03-24,화,915423
2009-03-25,수,850118
2009-03-26,목,860075
2009-03-27,금,907930
2009-03-28,토,739735
2009-03-29,일,539354
2009-03-30,월,842227
2009-03-31,화,872971
2009-04-01,수,878595
2009-04-02,목,866368
2009-04-03,금,890308
2009-04-04,토,850739
2009-04-05,일,581010
2009-04-06,월,896188
2009-04-07,화,904849
2009-04-08,수,889805
2009-04-09,목,906296
2009-04-10,금,922816
2009-04-11,토,791820
2009-04-12,일,562167
2009-04-13,월,871528
2009-04-14,화,911630
2009-04-15,수,876480
2009-04-16,목,873669
2009-04-17,금,892326
2009-04-18,토,830833
2009-04-19,일,580155
2009-04-20,월,805675
2009-04-21,화,869120
2009-04-22,수,877179
2009-04-23,목,891819
2009-04-24,금,899518
2009-04-25,토,752534
2009-04-26,일,549445
2009-04-27,월,898935
2009-04-28,화,891609
2009-04-29,수,927356
2009-04-30,목,920215
2009-05-01,금,872270
2009-05-02,토,663736
2009-05-03,일,538067
2009-05-04,월,833214
2009-05-05,화,622380
2009-05-06,수,907916
2009-05-07,목,908626
2009-05-08,금,953339
2009-05-09,토,775705
2009-05-10,일,587449
2009-05-11,월,895783
2009-05-12,화,888779
2009-05-13,수,919354
2009-05-14,목,902045
2009-05-15,금,953739
2009-05-16,토,741578
2009-05-17,일,578203
2009-05-18,월,886784
2009-05-19,화,916854
2009-05-20,수,900261
2009-05-21,목,804663
2009-05-22,금,935835
2009-05-23,토,765314
2009-05-24,일,568588
2009-05-25,월,896260
2009-05-26,화,909326
2009-05-27,수,914168
2009-05-28,목,913544
2009-05-29,금,904995
2009-05-30,토,850717
2009-05-31,일,559002
2009-06-01,월,901898
2009-06-02,화,896010
2009-06-03,수,882718
2009-06-04,목,920872
2009-06-05,금,895334
2009-06-06,토,682443
2009-06-07,일,533656
2009-06-08,월,883110
2009-06-09,화,878502
2009-06-10,수,883651
2009-06-11,목,886173
2009-06-12,금,899297
2009-06-13,토,770579
2009-06-14,일,534486
2009-06-15,월,866333
2009-06-16,화,890348
2009-06-17,수,913441
2009-06-18,목,870842
2009-06-19,금,908835
2009-06-20,토,758204
2009-06-21,일,532976
2009-06-22,월,787256
2009-06-23,화,895304
2009-06-24,수,889004
2009-06-25,목,875345
2009-06-26,금,887299
2009-06-27,토,718278
2009-06-28,일,514610
2009-06-29,월,824051
2009-06-30,화,852136
2009-07-01,수,898362
2009-07-02,목,860249
2009-07-03,금,887501
2009-07-04,토,828747
2009-07-05,일,543005
2009-07-06,월,870796
2009-07-07,화,750671
2009-07-08,수,916532
2009-07-09,목,847300
2009-07-10,금,888558
2009-07-11,토,757434
2009-07-12,일,472295
2009-07-13,월,851503
2009-07-14,화,874733
2009-07-15,수,896534
2009-07-16,목,774874
2009-07-17,금,792481
2009-07-18,토,694582
2009-07-19,일,509121
2009-07-20,월,823472
2009-07-21,화,821747
2009-07-22,수,847952
2009-07-23,목,859138
2009-07-24,금,787795
2009-07-25,토,709516
2009-07-26,일,521990
2009-07-27,월,826202
2009-07-28,화,784271
2009-07-29,수,814871
2009-07-30,목,798385
2009-07-31,금,808612
2009-08-01,토,637773
2009-08-02,일,468528
2009-08-03,월,739728
2009-08-04,화,773192
2009-08-05,수,795954
2009-08-06,목,764578
2009-08-07,금,775355
2009-08-08,토,682104
2009-08-09,일,497098
2009-08-10,월,779808
2009-08-11,화,788337
2009-08-12,수,798829
2009-08-13,목,819605
2009-08-14,금,852879
2009-08-15,토,605335
2009-08-16,일,503490
2009-08-17,월,797863
2009-08-18,화,816231
2009-08-19,수,812380
2009-08-20,목,819788
2009-08-21,금,832794
2009-08-22,토,726592
2009-08-23,일,506527
2009-08-24,월,871429
2009-08-25,화,894390
2009-08-26,수,878025
2009-08-27,목,878916
2009-08-28,금,896748
2009-08-29,토,815255
2009-08-30,일,532543
2009-08-31,월,904830
2009-09-01,화,913613
2009-09-02,수,916241
2009-09-03,목,949064
2009-09-04,금,927867
2009-09-05,토,831503
2009-09-06,일,553572
2009-09-07,월,891494
2009-09-08,화,912235
2009-09-09,수,918931
2009-09-10,목,918701
2009-09-11,금,920643
2009-09-12,토,767793
2009-09-13,일,542434
2009-09-14,월,872576
2009-09-15,화,943998
2009-09-16,수,918044
2009-09-17,목,928211
2009-09-18,금,920110
2009-09-19,토,862079
2009-09-20,일,552876
2009-09-21,월,879495
2009-09-22,화,911174
2009-09-23,수,895769
2009-09-24,목,909569
2009-09-25,금,924167
2009-09-26,토,786631
2009-09-27,일,486602
2009-09-28,월,879805
2009-09-29,화,916805
2009-09-30,수,932247
2009-10-01,목,920985
2009-10-02,금,413854
2009-10-03,토,250101
2009-10-04,일,381091
2009-10-05,월,756809
2009-10-06,화,891720
2009-10-07,수,886204
2009-10-08,목,909459
2009-10-09,금,939238
2009-10-10,토,787436
2009-10-11,일,558958
2009-10-12,월,888493
2009-10-13,화,894473
2009-10-14,수,901929
2009-10-15,목,916721
2009-10-16,금,905118
2009-10-17,토,822354
2009-10-18,일,572005
2009-10-19,월,874534
2009-10-20,화,877700
2009-10-21,수,906841
2009-10-22,목,893598
2009-10-23,금,899895
2009-10-24,토,761641
2009-10-25,일,570050
2009-10-26,월,885941
2009-10-27,화,878591
2009-10-28,수,903473
2009-10-29,목,847580
2009-10-30,금,902480
2009-10-31,토,787209
2009-11-01,일,509914
2009-11-02,월,831278
2009-11-03,화,844456
2009-11-04,수,835052
2009-11-05,목,902418
2009-11-06,금,877739
2009-11-07,토,830432
2009-11-08,일,478387
2009-11-09,월,866450
2009-11-10,화,855137
2009-11-11,수,899960
2009-11-12,목,833650
2009-11-13,금,833952
2009-11-14,토,715523
2009-11-15,일,499140
2009-11-16,월,853480
2009-11-17,화,892759
2009-11-18,수,862295
2009-11-19,목,860327
2009-11-20,금,897825
2009-11-21,토,797804
2009-11-22,일,546810
2009-11-23,월,865461
2009-11-24,화,882605
2009-11-25,수,874970
2009-11-26,목,881419
2009-11-27,금,883842
2009-11-28,토,734634
2009-11-29,일,441543
2009-11-30,월,855048
2009-12-01,화,869517
2009-12-02,수,872673
2009-12-03,목,866153
2009-12-04,금,868881
2009-12-05,토,754274
2009-12-06,일,487566
2009-12-07,월,841524
2009-12-08,화,868159
2009-12-09,수,838054
2009-12-10,목,842829
2009-12-11,금,871226
2009-12-12,토,730149
2009-12-13,일,520796
2009-12-14,월,839460
2009-12-15,화,857945
2009-12-16,수,832654
2009-12-17,목,820057
2009-12-18,금,821032
2009-12-19,토,758242
2009-12-20,일,502646
2009-12-21,월,822336
2009-12-22,화,889317
2009-12-23,수,889431
2009-12-24,목,883974
2009-12-25,금,605978
2009-12-26,토,617042
2009-12-27,일,475279
2009-12-28,월,813174
2009-12-29,화,830604
2009-12-30,수,839541
2009-12-31,목,715795
2010-01-01,금,372725
2010-01-02,토,525991
2010-01-03,일,470878
2010-01-04,월,769971
2010-01-05,화,801263
2010-01-06,수,758907
2010-01-07,목,767671
2010-01-08,금,774962
2010-01-09,토,654855
2010-01-10,일,502143
2010-01-11,월,801485
2010-01-12,화,773029
2010-01-13,수,735661
2010-01-14,목,729467
2010-01-15,금,826233
2010-01-16,토,700699
2010-01-17,일,522439
2010-01-18,월,786890
2010-01-19,화,774415
2010-01-20,수,760136
2010-01-21,목,806833
2010-01-22,금,775163
2010-01-23,토,663148
2010-01-24,일,513852
2010-01-25,월,791824
2010-01-26,화,784976
2010-01-27,수,743461
2010-01-28,목,796820
2010-01-29,금,788479
2010-01-30,토,673332
2010-01-31,일,497189
2010-02-01,월,763661
2010-02-02,화,774783
2010-02-03,수,737143
2010-02-04,목,768486
2010-02-05,금,813013
2010-02-06,토,704019
2010-02-07,일,513242
2010-02-08,월,833001
2010-02-09,화,868545
2010-02-10,수,816448
2010-02-11,목,811612
2010-02-12,금,791915
2010-02-13,토,352522
2010-02-14,일,240809
2010-02-15,월,345214
2010-02-16,화,734874
2010-02-17,수,815196
2010-02-18,목,818931
2010-02-19,금,819593
2010-02-20,토,745129
2010-02-21,일,562711
2010-02-22,월,832650
2010-02-23,화,855585
2010-02-24,수,836501
2010-02-25,목,720321
2010-02-26,금,782117
2010-02-27,토,725585
2010-02-28,일,578804
2010-03-01,월,490296
2010-03-02,화,961093
2010-03-03,수,945279
2010-03-04,목,853607
2010-03-05,금,925935
2010-03-06,토,794899
2010-03-07,일,564900
2010-03-08,월,893162
2010-03-09,화,874155
2010-03-10,수,1041359
2010-03-11,목,954846
2010-03-12,금,916389
2010-03-13,토,800672
2010-03-14,일,560411
2010-03-15,월,880515
2010-03-16,화,930372
2010-03-17,수,923488
2010-03-18,목,888544
2010-03-19,금,911263
2010-03-20,토,855062
2010-03-21,일,543068
2010-03-22,월,886578
2010-03-23,화,897443
2010-03-24,수,931146
2010-03-25,목,852635
2010-03-26,금,913800
2010-03-27,토,795341
2010-03-28,일,573310
2010-03-29,월,901622
2010-03-30,화,921952
2010-03-31,수,842110
2010-04-01,목,835471
2010-04-02,금,940413
2010-04-03,토,865248
2010-04-04,일,575071
2010-04-05,월,904498
2010-04-06,화,936451
2010-04-07,수,903529
2010-04-08,목,919515
2010-04-09,금,928537
2010-04-10,토,819115
2010-04-11,일,535504
2010-04-12,월,880338
2010-04-13,화,925881
2010-04-14,수,895371
2010-04-15,목,887517
2010-04-16,금,935046
2010-04-17,토,849099
2010-04-18,일,576191
2010-04-19,월,881702
2010-04-20,화,890001
2010-04-21,수,882111
2010-04-22,목,879083
2010-04-23,금,923667
2010-04-24,토,819399
2010-04-25,일,606643
2010-04-26,월,858600
2010-04-27,화,931528
2010-04-28,수,859407
2010-04-29,목,918736
2010-04-30,금,957018
2010-05-01,토,806150
2010-05-02,일,626234
2010-05-03,월,937051
2010-05-04,화,964557
2010-05-05,수,682933
2010-05-06,목,914288
2010-05-07,금,999659
2010-05-08,토,773281
2010-05-09,일,600980
2010-05-10,월,906408
2010-05-11,화,953042
2010-05-12,수,941440
2010-05-13,목,915121
2010-05-14,금,984941
2010-05-15,토,915772
2010-05-16,일,626298
2010-05-17,월,914719
2010-05-18,화,839071
2010-05-19,수,985367
2010-05-20,목,951538
2010-05-21,금,732616
2010-05-22,토,669592
2010-05-23,일,487661
2010-05-24,월,888665
2010-05-25,화,917754
2010-05-26,수,953766
2010-05-27,목,917400
2010-05-28,금,914376
2010-05-29,토,893062
2010-05-30,일,589268
2010-05-31,월,901320
2010-06-01,화,948869
2010-06-02,수,732386
2010-06-03,목,891182
2010-06-04,금,937311
2010-06-05,토,838293
2010-06-06,일,566565
2010-06-07,월,889474
2010-06-08,화,911909
2010-06-09,수,906269
2010-06-10,목,890080
2010-06-11,금,933533
2010-06-12,토,796675
2010-06-13,일,549451
2010-06-14,월,877606
2010-06-15,화,869507
2010-06-16,수,922805
2010-06-17,목,901652
2010-06-18,금,913466
2010-06-19,토,817481
2010-06-20,일,526231
2010-06-21,월,891558
2010-06-22,화,914416
2010-06-23,수,859587
2010-06-24,목,875122
2010-06-25,금,879018
2010-06-26,토,732734
2010-06-27,일,514104
2010-06-28,월,851527
2010-06-29,화,898777
2010-06-30,수,869717
2010-07-01,목,909905
2010-07-02,금,865204
2010-07-03,토,816206
2010-07-04,일,554350
2010-07-05,월,887478
2010-07-06,화,899452
2010-07-07,수,905874
2010-07-08,목,881538
2010-07-09,금,898409
2010-07-10,토,749469
2010-07-11,일,434226
2010-07-12,월,901099
2010-07-13,화,903078
2010-07-14,수,933146
2010-07-15,목,912570
2010-07-16,금,790390
2010-07-17,토,670794
2010-07-18,일,513591
2010-07-19,월,867050
2010-07-20,화,827576
2010-07-21,수,845576
2010-07-22,목,834799
2010-07-23,금,818391
2010-07-24,토,725704
2010-07-25,일,502455
2010-07-26,월,826325
2010-07-27,화,832691
2010-07-28,수,812517
2010-07-29,목,829516
2010-07-30,금,787909
2010-07-31,토,685571
2010-08-01,일,460139
2010-08-02,월,705991
2010-08-03,화,758028
2010-08-04,수,769980
2010-08-05,목,797859
2010-08-06,금,784921
2010-08-07,토,661601
2010-08-08,일,488412
2010-08-09,월,796484
2010-08-10,화,822733
2010-08-11,수,727632
2010-08-12,목,845957
2010-08-13,금,814419
2010-08-14,토,725208
2010-08-15,일,460967
2010-08-16,월,729248
2010-08-17,화,828353
2010-08-18,수,836075
2010-08-19,목,862315
2010-08-20,금,861502
2010-08-21,토,723599
2010-08-22,일,510085
2010-08-23,월,872449
2010-08-24,화,899545
2010-08-25,수,861742
2010-08-26,목,882718
2010-08-27,금,901962
2010-08-28,토,763461
2010-08-29,일,531566
2010-08-30,월,859144
2010-08-31,화,933960
2010-09-01,수,922394
2010-09-02,목,962571
2010-09-03,금,947554
2010-09-04,토,846712
2010-09-05,일,564907
2010-09-06,월,848793
2010-09-07,화,870218
2010-09-08,수,1003376
2010-09-09,목,961168
2010-09-10,금,957985
2010-09-11,토,741804
2010-09-12,일,553659
2010-09-13,월,906868
2010-09-14,화,965509
2010-09-15,수,939287
2010-09-16,목,938188
2010-09-17,금,974153
2010-09-18,토,860600
2010-09-19,일,599149
2010-09-20,월,887761
2010-09-21,화,441848
2010-09-22,수,211070
2010-09-23,목,362552
2010-09-24,금,723812
2010-09-25,토,722152
2010-09-26,일,543030
2010-09-27,월,916429
2010-09-28,화,904013
2010-09-29,수,928250
2010-09-30,목,932464
2010-10-01,금,944589
2010-10-02,토,861006
2010-10-03,일,573346
2010-10-04,월,909326
2010-10-05,화,922786
2010-10-06,수,939776
2010-10-07,목,963081
2010-10-08,금,959355
2010-10-09,토,828611
2010-10-10,일,612970
2010-10-11,월,888259
2010-10-12,화,922404
2010-10-13,수,929454
2010-10-14,목,939005
2010-10-15,금,920551
2010-10-16,토,877680
2010-10-17,일,594357
2010-10-18,월,896347
2010-10-19,화,896668
2010-10-20,수,925147
2010-10-21,목,911077
2010-10-22,금,917478
2010-10-23,토,796406
2010-10-24,일,518302
2010-10-25,월,858919
2010-10-26,화,899541
2010-10-27,수,923802
2010-10-28,목,902600
2010-10-29,금,936221
2010-10-30,토,835850
2010-10-31,일,599920
2010-11-01,월,892246
2010-11-02,화,915550
2010-11-03,수,883306
2010-11-04,목,867967
2010-11-05,금,947087
2010-11-06,토,875099
2010-11-07,일,593993
2010-11-08,월,879908
2010-11-09,화,883400
2010-11-10,수,929520
2010-11-11,목,880112
2010-11-12,금,905768
2010-11-13,토,786011
2010-11-14,일,559081
2010-11-15,월,864600
2010-11-16,화,900763
2010-11-17,수,970815
2010-11-18,목,856187
2010-11-19,금,917771
2010-11-20,토,842089
2010-11-21,일,584434
2010-11-22,월,905893
2010-11-23,화,914005
2010-11-24,수,935858
2010-11-25,목,915744
2010-11-26,금,914389
2010-11-27,토,721509
2010-11-28,일,530265
2010-11-29,월,875634
2010-11-30,화,869983
2010-12-01,수,906814
2010-12-02,목,875930
2010-12-03,금,948440
2010-12-04,토,763018
2010-12-05,일,528728
2010-12-06,월,869944
2010-12-07,화,895087
2010-12-08,수,862040
2010-12-09,목,885166
2010-12-10,금,930034
2010-12-11,토,706443
2010-12-12,일,521009
2010-12-13,월,813755
2010-12-14,화,851443
2010-12-15,수,818806
2010-12-16,목,880964
2010-12-17,금,880270
2010-12-18,토,826820
2010-12-19,일,551021
2010-12-20,월,878544
2010-12-21,화,905976
2010-12-22,수,930202
2010-12-23,목,863066
2010-12-24,금,862346
2010-12-25,토,570486
2010-12-26,일,491906
2010-12-27,월,871402
2010-12-28,화,891692
2010-12-29,수,949346
2010-12-30,목,937776
2010-12-31,금,763463
2011-01-01,토,425365
2011-01-02,일,450410
2011-01-03,월,763011
2011-01-04,화,847338
2011-01-05,수,842440
2011-01-06,목,788476
2011-01-07,금,787807
2011-01-08,토,705418
2011-01-09,일,495576
2011-01-10,월,794131
2011-01-11,화,826880
2011-01-12,수,785402
2011-01-13,목,809156
2011-01-14,금,839897
2011-01-15,토,651587
2011-01-16,일,308402
2011-01-17,월,862043
2011-01-18,화,797061
2011-01-19,수,801488
2011-01-20,목,800359
2011-01-21,금,776797
2011-01-22,토,734403
2011-01-23,일,514639
2011-01-24,월,744534
2011-01-25,화,788883
2011-01-26,수,801135
2011-01-27,목,836773
2011-01-28,금,808926
2011-01-29,토,639393
2011-01-30,일,435663
2011-01-31,월,769500
2011-02-01,화,744447
2011-02-02,수,352886
2011-02-03,목,202849
2011-02-04,금,325845
2011-02-05,토,566955
2011-02-06,일,493862
2011-02-07,월,897863
2011-02-08,화,854297
2011-02-09,수,899135
2011-02-10,목,587468
2011-02-11,금,1112673
2011-02-12,토,713735
2011-02-13,일,539655
2011-02-14,월,853286
2011-02-15,화,910583
2011-02-16,수,846412
2011-02-17,목,770421
2011-02-18,금,865548
2011-02-19,토,738969
2011-02-20,일,559459
2011-02-21,월,834675
2011-02-22,화,820803
2011-02-23,수,860544
2011-02-24,목,851414
2011-02-25,금,864156
2011-02-26,토,746125
2011-02-27,일,423522
2011-02-28,월,833448
2011-03-01,화,590964
2011-03-02,수,939392
2011-03-03,목,905312
2011-03-04,금,924519
2011-03-05,토,854775
2011-03-06,일,549789
2011-03-07,월,929006
2011-03-08,화,936792
2011-03-09,수,921679
2011-03-10,목,938857
2011-03-11,금,947644
2011-03-12,토,794284
2011-03-13,일,586268
2011-03-14,월,925443
2011-03-15,화,926505
2011-03-16,수,904960
2011-03-17,목,921544
2011-03-18,금,937790
2011-03-19,토,869481
2011-03-20,일,479613
2011-03-21,월,929518
2011-03-22,화,924833
2011-03-23,수,920084
2011-03-24,목,913177
2011-03-25,금,922105
2011-03-26,토,806727
2011-03-27,일,575662
2011-03-28,월,921931
2011-03-29,화,933978
2011-03-30,수,936795
2011-03-31,목,925317
2011-04-01,금,935691
2011-04-02,토,853476
2011-04-03,일,571757
2011-04-04,월,922650
2011-04-05,화,955355
2011-04-06,수,952525
2011-04-07,목,848520
2011-04-08,금,943455
2011-04-09,토,838216
2011-04-10,일,580592
2011-04-11,월,910409
2011-04-12,화,955246
2011-04-13,수,937358
2011-04-14,목,922735
2011-04-15,금,945077
2011-04-16,토,857994
2011-04-17,일,610922
2011-04-18,월,891072
2011-04-19,화,910353
2011-04-20,수,940718
2011-04-21,목,918402
2011-04-22,금,833181
2011-04-23,토,778395
2011-04-24,일,583941
2011-04-25,월,926087
2011-04-26,화,836743
2011-04-27,수,935739
2011-04-28,목,938365
2011-04-29,금,964141
2011-04-30,토,798405
2011-05-01,일,573725
2011-05-02,월,924336
2011-05-03,화,970501
2011-05-04,수,965545
2011-05-05,목,700448
2011-05-06,금,949499
2011-05-07,토,851606
2011-05-08,일,561942
2011-05-09,월,897882
2011-05-10,화,606945
2011-05-11,수,839749
2011-05-12,목,939010
2011-05-13,금,992742
2011-05-14,토,834913
2011-05-15,일,630366
2011-05-16,월,931123
2011-05-17,화,951612
2011-05-18,수,949436
2011-05-19,목,928422
2011-05-20,금,968240
2011-05-21,토,855428
2011-05-22,일,593886
2011-05-23,월,895627
2011-05-24,화,938819
2011-05-25,수,941437
2011-05-26,목,864585
2011-05-27,금,929090
2011-05-28,토,810179
2011-05-29,일,591637
2011-05-30,월,927636
2011-05-31,화,907355
2011-06-01,수,897929
2011-06-02,목,944227
2011-06-03,금,941072
2011-06-04,토,856323
2011-06-05,일,569119
2011-06-06,월,612471
2011-06-07,화,927387
2011-06-08,수,924428
2011-06-09,목,920349
2011-06-10,금,912068
2011-06-11,토,783557
2011-06-12,일,556150
2011-06-13,월,897892
2011-06-14,화,914618
2011-06-15,수,935351
2011-06-16,목,915398
2011-06-17,금,928445
2011-06-18,토,834715
2011-06-19,일,552844
2011-06-20,월,896388
2011-06-21,화,912988
2011-06-22,수,877784
2011-06-23,목,881831
2011-06-24,금,876111
2011-06-25,토,637009
2011-06-26,일,424075
2011-06-27,월,884284
2011-06-28,화,900242
2011-06-29,수,906929
2011-06-30,목,874261
2011-07-01,금,945863
2011-07-02,토,820593
2011-07-03,일,489779
2011-07-04,월,896554
2011-07-05,화,922556
2011-07-06,수,894015
2011-07-07,목,849753
2011-07-08,금,911589
2011-07-09,토,573231
2011-07-10,일,456883
2011-07-11,월,887179
2011-07-12,화,866324
2011-07-13,수,889756
2011-07-14,목,903324
2011-07-15,금,908500
2011-07-16,토,759478
2011-07-17,일,531524
2011-07-18,월,845238
2011-07-19,화,854106
2011-07-20,수,842842
2011-07-21,목,886175
2011-07-22,금,870380
2011-07-23,토,715202
2011-07-24,일,518666
2011-07-25,월,845092
2011-07-26,화,849296
2011-07-27,수,836924
2011-07-28,목,826746
2011-07-29,금,808384
2011-07-30,토,624447
2011-07-31,일,501637
2011-08-01,월,718112
2011-08-02,화,697908
2011-08-03,수,758311
2011-08-04,목,800042
2011-08-05,금,808116
2011-08-06,토,677567
2011-08-07,일,489932
2011-08-08,월,807280
2011-08-09,화,813574
2011-08-10,수,833336
2011-08-11,목,841969
2011-08-12,금,851697
2011-08-13,토,708146
2011-08-14,일,535486
2011-08-15,월,551651
2011-08-16,화,833151
2011-08-17,수,838474
2011-08-18,목,826492
2011-08-19,금,817160
2011-08-20,토,735629
2011-08-21,일,559027
2011-08-22,월,865715
2011-08-23,화,884179
2011-08-24,수,877027
2011-08-25,목,906030
2011-08-26,금,935965
2011-08-27,토,753965
2011-08-28,일,585270
2011-08-29,월,966695
2011-08-30,화,937284
2011-08-31,수,932242
2011-09-01,목,960479
2011-09-02,금,961069
2011-09-03,토,860753
2011-09-04,일,569434
2011-09-05,월,936590
2011-09-06,화,947605
2011-09-07,수,953285
2011-09-08,목,930599
2011-09-09,금,968063
2011-09-10,토,679011
2011-09-11,일,394673
2011-09-12,월,245785
2011-09-13,화,401771
2011-09-14,수,866469
2011-09-15,목,920316
2011-09-16,금,932281
2011-09-17,토,862503
2011-09-18,일,558223
2011-09-19,월,914019
2011-09-20,화,931186
2011-09-21,수,932931
2011-09-22,목,926688
2011-09-23,금,942073
2011-09-24,토,820209
2011-09-25,일,595515
2011-09-26,월,917331
2011-09-27,화,943993
2011-09-28,수,921506
2011-09-29,목,888645
2011-09-30,금,946287
2011-10-01,토,863543
2011-10-02,일,567340
2011-10-03,월,609502
2011-10-04,화,921610
2011-10-05,수,935504
2011-10-06,목,936269
2011-10-07,금,957762
2011-10-08,토,798691
2011-10-09,일,580222
2011-10-10,월,909233
2011-10-11,화,932472
2011-10-12,수,935328
2011-10-13,목,924020
2011-10-14,금,873564
2011-10-15,토,867768
2011-10-16,일,580668
2011-10-17,월,878818
2011-10-18,화,894869
2011-10-19,수,899177
2011-10-20,목,905283
2011-10-21,금,897771
2011-10-22,토,674905
2011-10-23,일,573605
2011-10-24,월,863215
2011-10-25,화,919945
2011-10-26,수,907330
2011-10-27,목,923399
2011-10-28,금,941850
2011-10-29,토,812163
2011-10-30,일,575870
2011-10-31,월,893459
2011-11-01,화,898091
2011-11-02,수,902364
2011-11-03,목,893670
2011-11-04,금,924305
2011-11-05,토,817631
2011-11-06,일,526829
2011-11-07,월,886595
2011-11-08,화,899267
2011-11-09,수,959724
2011-11-10,목,879216
2011-11-11,금,943416
2011-11-12,토,768506
2011-11-13,일,558917
2011-11-14,월,885117
2011-11-15,화,922183
2011-11-16,수,915707
2011-11-17,목,904493
2011-11-18,금,884726
2011-11-19,토,833861
2011-11-20,일,536078
2011-11-21,월,878164
2011-11-22,화,899159
2011-11-23,수,875467
2011-11-24,목,867797
2011-11-25,금,929761
2011-11-26,토,745229
2011-11-27,일,534599
2011-11-28,월,867710
2011-11-29,화,888062
2011-11-30,수,836670
2011-12-01,목,877599
2011-12-02,금,888590
2011-12-03,토,769162
2011-12-04,일,518525
2011-12-05,월,876561
2011-12-06,화,881461
2011-12-07,수,885892
2011-12-08,목,866532
2011-12-09,금,874255
2011-12-10,토,706234
2011-12-11,일,508150
2011-12-12,월,870458
2011-12-13,화,893564
2011-12-14,수,889033
2011-12-15,목,878428
2011-12-16,금,846389
2011-12-17,토,776233
2011-12-18,일,534068
2011-12-19,월,844971
2011-12-20,화,878864
2011-12-21,수,878795
2011-12-22,목,865800
2011-12-23,금,849828
2011-12-24,토,689974
2011-12-25,일,503864
2011-12-26,월,796127
2011-12-27,화,834820
2011-12-28,수,848859
2011-12-29,목,831698
2011-12-30,금,818029
2011-12-31,토,634143
2012-01-01,일,389720
2012-01-02,월,735132
2012-01-03,화,786235
2012-01-04,수,813140
2012-01-05,목,776380
2012-01-06,금,808709
2012-01-07,토,678777
2012-01-08,일,500681
2012-01-09,월,801391
2012-01-10,화,819705
2012-01-11,수,798143
2012-01-12,목,781699
2012-01-13,금,811582
2012-01-14,토,700855
2012-01-15,일,507953
2012-01-16,월,797505
2012-01-17,화,812961
2012-01-18,수,814294
2012-01-19,목,769559
2012-01-20,금,821631
2012-01-21,토,612625
2012-01-22,일,348048
2012-01-23,월,186093
2012-01-24,화,307696
2012-01-25,수,691438
2012-01-26,목,769298
2012-01-27,금,812252
2012-01-28,토,325594
2012-01-29,일,869704
2012-01-30,월,777321
2012-01-31,화,794818
2012-02-01,수,777136
2012-02-02,목,694261
2012-02-03,금,753302
2012-02-04,토,680519
2012-02-05,일,493013
2012-02-06,월,854977
2012-02-07,화,821407
2012-02-08,수,798148
2012-02-09,목,807694
2012-02-10,금,834272
2012-02-11,토,690796
2012-02-12,일,513154
2012-02-13,월,782191
2012-02-14,화,782247
2012-02-15,수,824885
2012-02-16,목,794714
2012-02-17,금,781269
2012-02-18,토,657281
2012-02-19,일,485522
2012-02-20,월,795937
2012-02-21,화,792133
2012-02-22,수,814720
2012-02-23,목,799004
2012-02-24,금,813988
2012-02-25,토,700261
2012-02-26,일,503298
2012-02-27,월,689965
2012-02-28,화,900963
2012-02-29,수,828771
2012-03-01,목,616276
2012-03-02,금,889750
2012-03-03,토,706327
2012-03-04,일,487597
2012-03-05,월,872592
2012-03-06,화,908077
2012-03-07,수,919921
2012-03-08,목,902873
2012-03-09,금,917938
2012-03-10,토,756982
2012-03-11,일,510905
2012-03-12,월,880563
2012-03-13,화,912871
2012-03-14,수,929303
2012-03-15,목,913509
2012-03-16,금,884518
2012-03-17,토,745531
2012-03-18,일,548267
2012-03-19,월,897994
2012-03-20,화,919428
2012-03-21,수,916026
2012-03-22,목,886871
2012-03-23,금,859978
2012-03-24,토,764694
2012-03-25,일,551985
2012-03-26,월,896134
2012-03-27,화,913290
2012-03-28,수,926362
2012-03-29,목,912789
2012-03-30,금,837372
2012-03-31,토,781896
2012-04-01,일,575524
2012-04-02,월,886184
2012-04-03,화,848778
2012-04-04,수,907351
2012-04-05,목,905405
2012-04-06,금,823288
2012-04-07,토,873965
2012-04-08,일,570424
2012-04-09,월,896169
2012-04-10,화,911180
2012-04-11,수,714458
2012-04-12,목,906635
2012-04-13,금,906880
2012-04-14,토,812515
2012-04-15,일,606580
2012-04-16,월,896552
2012-04-17,화,914325
2012-04-18,수,905840
2012-04-19,목,890812
2012-04-20,금,900133
2012-04-21,토,651569
2012-04-22,일,537265
2012-04-23,월,894268
2012-04-24,화,882106
2012-04-25,수,868450
2012-04-26,목,906162
2012-04-27,금,947045
2012-04-28,토,767994
2012-04-29,일,547805
2012-04-30,월,913280
2012-05-01,화,839044
2012-05-02,수,907140
2012-05-03,목,921289
2012-05-04,금,983236
2012-05-05,토,690201
2012-05-06,일,560379
2012-05-07,월,939217
2012-05-08,화,898919
2012-05-09,수,935293
2012-05-10,목,922653
2012-05-11,금,925202
2012-05-12,토,819900
2012-05-13,일,572128
2012-05-14,월,859258
2012-05-15,화,978545
2012-05-16,수,928227
2012-05-17,목,907730
2012-05-18,금,934690
2012-05-19,토,809054
2012-05-20,일,591590
2012-05-21,월,922270
2012-05-22,화,923689
2012-05-23,수,923241
2012-05-24,목,899032
2012-05-25,금,951740
2012-05-26,토,792566
2012-05-27,일,588988
2012-05-28,월,645806
2012-05-29,화,916263
2012-05-30,수,885872
2012-05-31,목,903991
2012-06-01,금,928815
2012-06-02,토,793966
2012-06-03,일,571310
2012-06-04,월,902070
2012-06-05,화,946025
2012-06-06,수,652067
2012-06-07,목,916007
2012-06-08,금,893425
2012-06-09,토,774991
2012-06-10,일,553796
2012-06-11,월,879907
2012-06-12,화,890910
2012-06-13,수,901406
2012-06-14,목,881024
2012-06-15,금,877330
2012-06-16,토,759679
2012-06-17,일,540015
2012-06-18,월,867070
2012-06-19,화,884426
2012-06-20,수,1076803
2012-06-21,목,915983
2012-06-22,금,911004
2012-06-23,토,725959
2012-06-24,일,540827
2012-06-25,월,872341
2012-06-26,화,861501
2012-06-27,수,858885
2012-06-28,목,859761
2012-06-29,금,885488
2012-06-30,토,670980
2012-07-01,일,518475
2012-07-02,월,868197
2012-07-03,화,889145
2012-07-04,수,888868
2012-07-05,목,807068
2012-07-06,금,858087
2012-07-07,토,750551
2012-07-08,일,543512
2012-07-09,월,870449
2012-07-10,화,940283
2012-07-11,수,832082
2012-07-12,목,887613
2012-07-13,금,872044
2012-07-14,토,723864
2012-07-15,일,481509
2012-07-16,월,873181
2012-07-17,화,859643
2012-07-18,수,839905
2012-07-19,목,906370
2012-07-20,금,904916
2012-07-21,토,721426
2012-07-22,일,525963
2012-07-23,월,825388
2012-07-24,화,810168
2012-07-25,수,832542
2012-07-26,목,816133
2012-07-27,금,818365
2012-07-28,토,655584
2012-07-29,일,468971
2012-07-30,월,749672
2012-07-31,화,765376
2012-08-01,수,739070
2012-08-02,목,723201
2012-08-03,금,711536
2012-08-04,토,581474
2012-08-05,일,463013
2012-08-06,월,778447
2012-08-07,화,797911
2012-08-08,수,806385
2012-08-09,목,801961
2012-08-10,금,803496
2012-08-11,토,669996
2012-08-12,일,468886
2012-08-13,월,734450
2012-08-14,화,814934
2012-08-15,수,606398
2012-08-16,목,797497
2012-08-17,금,829129
2012-08-18,토,723542
2012-08-19,일,521685
2012-08-20,월,846803
2012-08-21,화,866385
2012-08-22,수,818442
2012-08-23,목,730986
2012-08-24,금,856684
2012-08-25,토,760346
2012-08-26,일,556282
2012-08-27,월,866010
2012-08-28,화,715526
2012-08-29,수,905200
2012-08-30,목,824296
2012-08-31,금,934538
2012-09-01,토,796582
2012-09-02,일,563836
2012-09-03,월,900325
2012-09-04,화,920920
2012-09-05,수,929314
2012-09-06,목,919674
2012-09-07,금,946555
2012-09-08,토,773829
2012-09-09,일,515106
2012-09-10,월,884264
2012-09-11,화,927291
2012-09-12,수,924782
2012-09-13,목,908113
2012-09-14,금,918201
2012-09-15,토,772117
2012-09-16,일,469039
2012-09-17,월,659681
2012-09-18,화,922323
2012-09-19,수,932364
2012-09-20,목,921129
2012-09-21,금,935063
2012-09-22,토,775987
2012-09-23,일,556471
2012-09-24,월,877941
2012-09-25,화,912862
2012-09-26,수,927062
2012-09-27,목,934802
2012-09-28,금,940303
2012-09-29,토,441600
2012-09-30,일,270561
2012-10-01,월,374041
2012-10-02,화,711029
2012-10-03,수,606198
2012-10-04,목,902717
2012-10-05,금,926714
2012-10-06,토,776995
2012-10-07,일,552166
2012-10-08,월,906207
2012-10-09,화,917397
2012-10-10,수,918265
2012-10-11,목,918299
2012-10-12,금,933018
2012-10-13,토,759214
2012-10-14,일,558989
2012-10-15,월,910313
2012-10-16,화,898593
2012-10-17,수,884072
2012-10-18,목,880938
2012-10-19,금,912401
2012-10-20,토,765210
2012-10-21,일,568764
2012-10-22,월,809266
2012-10-23,화,878371
2012-10-24,수,872221
2012-10-25,목,884479
2012-10-26,금,912654
2012-10-27,토,669802
2012-10-28,일,566477
2012-10-29,월,874006
2012-10-30,화,880783
2012-10-31,수,871756
2012-11-01,목,866914
2012-11-02,금,892971
2012-11-03,토,747369
2012-11-04,일,505352
2012-11-05,월,871266
2012-11-06,화,870708
2012-11-07,수,936665
2012-11-08,목,852659
2012-11-09,금,915288
2012-11-10,토,752054
2012-11-11,일,529022
2012-11-12,월,877962
2012-11-13,화,878539
2012-11-14,수,899892
2012-11-15,목,894515
2012-11-16,금,903848
2012-11-17,토,739212
2012-11-18,일,534972
2012-11-19,월,854409
2012-11-20,화,890032
2012-11-21,수,876153
2012-11-22,목,806133
2012-11-23,금,897086
2012-11-24,토,712065
2012-11-25,일,520014
2012-11-26,월,845753
2012-11-27,화,865279
2012-11-28,수,863334
2012-11-29,목,851814
2012-11-30,금,872259
2012-12-01,토,675967
2012-12-02,일,481397
2012-12-03,월,845757
2012-12-04,화,841549
2012-12-05,수,847171
2012-12-06,목,852694
2012-12-07,금,876429
2012-12-08,토,730847
2012-12-09,일,480595
2012-12-10,월,831106
2012-12-11,화,861737
2012-12-12,수,861993
2012-12-13,목,882733
2012-12-14,금,823157
2012-12-15,토,712910
2012-12-16,일,512364
2012-12-17,월,847462
2012-12-18,화,855733
2012-12-19,수,661829
2012-12-20,목,840562
2012-12-21,금,910090
2012-12-22,토,725100
2012-12-23,일,480519
2012-12-24,월,836317
2012-12-25,화,569737
2012-12-26,수,814346
2012-12-27,목,829569
2012-12-28,금,722274
2012-12-29,토,764523
2012-12-30,일,495234
2012-12-31,월,780157
2013-01-01,화,385161
2013-01-02,수,767649
2013-01-03,목,726650
2013-01-04,금,773353
2013-01-05,토,662287
2013-01-06,일,482319
2013-01-07,월,808040
2013-01-08,화,820845
2013-01-09,수,793232
2013-01-10,목,784910
2013-01-11,금,822101
2013-01-12,토,714930
2013-01-13,일,494891
2013-01-14,월,809223
2013-01-15,화,819581
2013-01-16,수,817728
2013-01-17,목,788545
2013-01-18,금,811249
2013-01-19,토,711202
2013-01-20,일,516286
2013-01-21,월,724356
2013-01-22,화,776880
2013-01-23,수,787757
2013-01-24,목,799670
2013-01-25,금,793751
2013-01-26,토,660411
2013-01-27,일,469265
2013-01-28,월,777077
2013-01-29,화,800567
2013-01-30,수,805216
2013-01-31,목,809565
2013-02-01,금,766628
2013-02-02,토,709043
2013-02-03,일,501582
2013-02-04,월,861089
2013-02-05,화,862755
2013-02-06,수,881479
2013-02-07,목,823731
2013-02-08,금,796933
2013-02-09,토,361966
2013-02-10,일,227239
2013-02-11,월,344825
2013-02-12,화,734091
2013-02-13,수,826993
2013-02-14,목,842616
2013-02-15,금,844020
2013-02-16,토,735007
2013-02-17,일,516727
2013-02-18,월,795919
2013-02-19,화,826420
2013-02-20,수,832227
2013-02-21,목,813496
2013-02-22,금,831931
2013-02-23,토,722720
2013-02-24,일,545521
2013-02-25,월,803198
2013-02-26,화,803026
2013-02-27,수,834027
2013-02-28,목,871577
2013-03-01,금,593038
2013-03-02,토,691756
2013-03-03,일,531710
2013-03-04,월,924687
2013-03-05,화,923609
2013-03-06,수,919665
2013-03-07,목,897278
2013-03-08,금,923690
2013-03-09,토,786936
2013-03-10,일,588629
2013-03-11,월,901603
2013-03-12,화,934739
2013-03-13,수,892005
2013-03-14,목,909578
2013-03-15,금,932341
2013-03-16,토,785386
2013-03-17,일,549395
2013-03-18,월,887014
2013-03-19,화,917355
2013-03-20,수,900561
2013-03-21,목,887650
2013-03-22,금,919081
2013-03-23,토,782193
2013-03-24,일,555720
2013-03-25,월,900811
2013-03-26,화,916193
2013-03-27,수,912803
2013-03-28,목,902732
2013-03-29,금,928885
2013-03-30,토,783501
2013-03-31,일,573951
2013-04-01,월,899359
2013-04-02,화,896492
2013-04-03,수,920192
2013-04-04,목,908588
2013-04-05,금,931504
2013-04-06,토,657773
2013-04-07,일,541298
2013-04-08,월,877345
2013-04-09,화,893315
2013-04-10,수,923798
2013-04-11,목,898955
2013-04-12,금,921239
2013-04-13,토,788319
2013-04-14,일,525837
2013-04-15,월,849563
2013-04-16,화,908984
2013-04-17,수,880817
2013-04-18,목,881579
2013-04-19,금,919743
2013-04-20,토,706564
2013-04-21,일,561126
2013-04-22,월,860523
2013-04-23,화,832941
2013-04-24,수,896278
2013-04-25,목,900934
2013-04-26,금,913418
2013-04-27,토,776634
2013-04-28,일,601001
2013-04-29,월,803180
2013-04-30,화,975091
2013-05-01,수,856408
2013-05-02,목,898004
2013-05-03,금,949704
2013-05-04,토,806669
2013-05-05,일,585288
2013-05-06,월,844319
2013-05-07,화,953705
2013-05-08,수,939240
2013-05-09,목,907366
2013-05-10,금,954635
2013-05-11,토,857851
2013-05-12,일,604613
2013-05-13,월,861567
2013-05-14,화,950110
2013-05-15,수,980287
2013-05-16,목,945516
2013-05-17,금,751600
2013-05-18,토,724923
2013-05-19,일,534562
2013-05-20,월,857666
2013-05-21,화,933979
2013-05-22,수,926277
2013-05-23,목,711134
2013-05-24,금,1131784
2013-05-25,토,813286
2013-05-26,일,589996
2013-05-27,월,810779
2013-05-28,화,905226
2013-05-29,수,898062
2013-05-30,목,897385
2013-05-31,금,942239
2013-06-01,토,801332
2013-06-02,일,571885
2013-06-03,월,869782
2013-06-04,화,935056
2013-06-05,수,952873
2013-06-06,목,652695
2013-06-07,금,912251
2013-06-08,토,760810
2013-06-09,일,563965
2013-06-10,월,885667
2013-06-11,화,877300
2013-06-12,수,884090
2013-06-13,목,889467
2013-06-14,금,901874
2013-06-15,토,763676
2013-06-16,일,535373
2013-06-17,월,883550
2013-06-18,화,850674
2013-06-19,수,894480
2013-06-20,목,905084
2013-06-21,금,917434
2013-06-22,토,744469
2013-06-23,일,526301
2013-06-24,월,870672
2013-06-25,화,866837
2013-06-26,수,886195
2013-06-27,목,876272
2013-06-28,금,893494
2013-06-29,토,722903
2013-06-30,일,520734
2013-07-01,월,875232
2013-07-02,화,862279
2013-07-03,수,867345
2013-07-04,목,849550
2013-07-05,금,773447
2013-07-06,토,750361
2013-07-07,일,469739
2013-07-08,월,931461
2013-07-09,화,901774
2013-07-10,수,914237
2013-07-11,목,886967
2013-07-12,금,913604
2013-07-13,토,736103
2013-07-14,일,501089
2013-07-15,월,877739
2013-07-16,화,879231
2013-07-17,수,902871
2013-07-18,목,884902
2013-07-19,금,935319
2013-07-20,토,739257
2013-07-21,일,531890
2013-07-22,월,823057
2013-07-23,화,831505
2013-07-24,수,847594
2013-07-25,목,839132
2013-07-26,금,850556
2013-07-27,토,711213
2013-07-28,일,484487
2013-07-29,월,791469
2013-07-30,화,775492
2013-07-31,수,804448
2013-08-01,목,701394
2013-08-02,금,501648
2013-08-03,토,781107
2013-08-04,일,456007
2013-08-05,월,807728
2013-08-06,화,760867
2013-08-07,수,842893
2013-08-08,목,783911
2013-08-09,금,796748
2013-08-10,토,660311
2013-08-11,일,490272
2013-08-12,월,813414
2013-08-13,화,824099
2013-08-14,수,844657
2013-08-15,목,615252
2013-08-16,금,837789
2013-08-17,토,696592
2013-08-18,일,506819
2013-08-19,월,859152
2013-08-20,화,877301
2013-08-21,수,911291
2013-08-22,목,858547
2013-08-23,금,845294
2013-08-24,토,710961
2013-08-25,일,558076
2013-08-26,월,901265
2013-08-27,화,917577
2013-08-28,수,918313
2013-08-29,목,877190
2013-08-30,금,912829
2013-08-31,토,769194
2013-09-01,일,558071
2013-09-02,월,911837
2013-09-03,화,939132
2013-09-04,수,936813
2013-09-05,목,943354
2013-09-06,금,902424
2013-09-07,토,789363
2013-09-08,일,561773
2013-09-09,월,915490
2013-09-10,화,931787
2013-09-11,수,927587
2013-09-12,목,879412
2013-09-13,금,950719
2013-09-14,토,698131
2013-09-15,일,580722
2013-09-16,월,928722
2013-09-17,화,958134
2013-09-18,수,432957
2013-09-19,목,247370
2013-09-20,금,378775
2013-09-21,토,594476
2013-09-22,일,527577
2013-09-23,월,915474
2013-09-24,화,916539
2013-09-25,수,915862
2013-09-26,목,924036
2013-09-27,금,954009
2013-09-28,토,781865
2013-09-29,일,482876
2013-09-30,월,899250
2013-10-01,화,924456
2013-10-02,수,938441
2013-10-03,목,664179
2013-10-04,금,928864
2013-10-05,토,805336
2013-10-06,일,505331
2013-10-07,월,908127
2013-10-08,화,862225
2013-10-09,수,657353
2013-10-10,목,869010
2013-10-11,금,958733
2013-10-12,토,788222
2013-10-13,일,577594
2013-10-14,월,906447
2013-10-15,화,902834
2013-10-16,수,915050
2013-10-17,목,907153
2013-10-18,금,927135
2013-10-19,토,778100
2013-10-20,일,574832
2013-10-21,월,879597
2013-10-22,화,886821
2013-10-23,수,900443
2013-10-24,목,899462
2013-10-25,금,949067
2013-10-26,토,777561
2013-10-27,일,580515
2013-10-28,월,876837
2013-10-29,화,900379
2013-10-30,수,910477
2013-10-31,목,895938
2013-11-01,금,911685
2013-11-02,토,762638
2013-11-03,일,566820
2013-11-04,월,888561
2013-11-05,화,907103
2013-11-06,수,937872
2013-11-07,목,869352
2013-11-08,금,942362
2013-11-09,토,736402
2013-11-10,일,562447
2013-11-11,월,848495
2013-11-12,화,864278
2013-11-13,수,988289
2013-11-14,목,909609
2013-11-15,금,928280
2013-11-16,토,759793
2013-11-17,일,537527
2013-11-18,월,870787
2013-11-19,화,883053
2013-11-20,수,904881
2013-11-21,목,892727
2013-11-22,금,927609
2013-11-23,토,731183
2013-11-24,일,536849
2013-11-25,월,854992
2013-11-26,화,886099
2013-11-27,수,870493
2013-11-28,목,870059
2013-11-29,금,892372
2013-11-30,토,704191
2013-12-01,일,514396
2013-12-02,월,861026
2013-12-03,화,905410
2013-12-04,수,893088
2013-12-05,목,887966
2013-12-06,금,908389
2013-12-07,토,720214
2013-12-08,일,526515
2013-12-09,월,842871
2013-12-10,화,908038
2013-12-11,수,896661
2013-12-12,목,875691
2013-12-13,금,879237
2013-12-14,토,734282
2013-12-15,일,519047
2013-12-16,월,855779
2013-12-17,화,869792
2013-12-18,수,894717
2013-12-19,목,859067
2013-12-20,금,955988
2013-12-21,토,749296
2013-12-22,일,559211
2013-12-23,월,873308
2013-12-24,화,914567
2013-12-25,수,631388
2013-12-26,목,849438
2013-12-27,금,851899
2013-12-28,토,672548
2013-12-29,일,480496
2013-12-30,월,812411
2013-12-31,화,812451
2014-01-01,수,422708
2014-01-02,목,758727
2014-01-03,금,801389
2014-01-04,토,681919
2014-01-05,일,492692
2014-01-06,월,813667
2014-01-07,화,828601
2014-01-08,수,794454
2014-01-09,목,770742
2014-01-10,금,791662
2014-01-11,토,697620
2014-01-12,일,494896
2014-01-13,월,780991
2014-01-14,화,791005
2014-01-15,수,817412
2014-01-16,목,811552
2014-01-17,금,821084
2014-01-18,토,687843
2014-01-19,일,498609
2014-01-20,월,787703
2014-01-21,화,789048
2014-01-22,수,795819
2014-01-23,목,793743
2014-01-24,금,823770
2014-01-25,토,651646
2014-01-26,일,521256
2014-01-27,월,801539
2014-01-28,화,816191
2014-01-29,수,795518
2014-01-30,목,376400
2014-01-31,금,226710
2014-02-01,토,372509
2014-02-02,일,501193
2014-02-03,월,833978
2014-02-04,화,837081
2014-02-05,수,845694
2014-02-06,목,834870
2014-02-07,금,850713
2014-02-08,토,693485
2014-02-09,일,508241
2014-02-10,월,806056
2014-02-11,화,807756
2014-02-12,수,817072
2014-02-13,목,791173
2014-02-14,금,826259
2014-02-15,토,711737
2014-02-16,일,517298
2014-02-17,월,784367
2014-02-18,화,797789
2014-02-19,수,797172
2014-02-20,목,802816
2014-02-21,금,816554
2014-02-22,토,721669
2014-02-23,일,535685
2014-02-24,월,790278
2014-02-25,화,814826
2014-02-26,수,779563
2014-02-27,목,799514
2014-02-28,금,843837
2014-03-01,토,635824
2014-03-02,일,541268
2014-03-03,월,904470
2014-03-04,화,902560
2014-03-05,수,900331
2014-03-06,목,888568
2014-03-07,금,886986
2014-03-08,토,742710
2014-03-09,일,519270
2014-03-10,월,882036
2014-03-11,화,904477
2014-03-12,수,850231
2014-03-13,목,840404
2014-03-14,금,914601
2014-03-15,토,784515
2014-03-16,일,563123
2014-03-17,월,890845
2014-03-18,화,900343
2014-03-19,수,902361
2014-03-20,목,866960
2014-03-21,금,916498
2014-03-22,토,780577
2014-03-23,일,570991
2014-03-24,월,883393
2014-03-25,화,869445
2014-03-26,수,877001
2014-03-27,목,896514
2014-03-28,금,931742
2014-03-29,토,719875
2014-03-30,일,557348
2014-03-31,월,903352
2014-04-01,화,911892
2014-04-02,수,908255
2014-04-03,목,882913
2014-04-04,금,920766
2014-04-05,토,797853
2014-04-06,일,556599
2014-04-07,월,882785
2014-04-08,화,900615
2014-04-09,수,907277
2014-04-10,목,908122
2014-04-11,금,901149
2014-04-12,토,741565
2014-04-13,일,558894
2014-04-14,월,893663
2014-04-15,화,912242
2014-04-16,수,905086
2014-04-17,목,855211
2014-04-18,금,878646
2014-04-19,토,749717
2014-04-20,일,551456
2014-04-21,월,856751
2014-04-22,화,873229
2014-04-23,수,898176
2014-04-24,목,892181
2014-04-25,금,927919
2014-04-26,토,775159
2014-04-27,일,531371
2014-04-28,월,832359
2014-04-29,화,852709
2014-04-30,수,915967
2014-05-01,목,866231
2014-05-02,금,969715
2014-05-03,토,763085
2014-05-04,일,539992
2014-05-05,월,565825
2014-05-06,화,728947
2014-05-07,수,923936
2014-05-08,목,902708
2014-05-09,금,945479
2014-05-10,토,798302
2014-05-11,일,574586
2014-05-12,월,874259
2014-05-13,화,934733
2014-05-14,수,914913
2014-05-15,목,970003
2014-05-16,금,939293
2014-05-17,토,797048
2014-05-18,일,584534
2014-05-19,월,892090
2014-05-20,화,892090
2014-05-21,수,922213
2014-05-22,목,908661
2014-05-23,금,923452
2014-05-24,토,782582
2014-05-25,일,581384
2014-05-26,월,883306
2014-05-27,화,903175
2014-05-28,수,890754
2014-05-29,목,921086
2014-05-30,금,926460
2014-05-31,토,758058
2014-06-01,일,547000
2014-06-02,월,871657
2014-06-03,화,886173
2014-06-04,수,715831
2014-06-05,목,886435
2014-06-06,금,645544
2014-06-07,토,709074
2014-06-08,일,523411
2014-06-09,월,872776
2014-06-10,화,884122
2014-06-11,수,895048
2014-06-12,목,882391
2014-06-13,금,915568
2014-06-14,토,764688
2014-06-15,일,539375
2014-06-16,월,862450
2014-06-17,화,875924
2014-06-18,수,889416
2014-06-19,목,889710
2014-06-20,금,910464
2014-06-21,토,747019
2014-06-22,일,534728
2014-06-23,월,827556
2014-06-24,화,871736
2014-06-25,수,881733
2014-06-26,목,864636
2014-06-27,금,902435
2014-06-28,토,726235
2014-06-29,일,529597
2014-06-30,월,837817
2014-07-01,화,856747
2014-07-02,수,867729
2014-07-03,목,830540
2014-07-04,금,900734
2014-07-05,토,730977
2014-07-06,일,478122
2014-07-07,월,854963
2014-07-08,화,876682
2014-07-09,수,874111
2014-07-10,목,874390
2014-07-11,금,905590
2014-07-12,토,756415
2014-07-13,일,536959
2014-07-14,월,864865
2014-07-15,화,872409
2014-07-16,수,890837
2014-07-17,목,851456
2014-07-18,금,878497
2014-07-19,토,739951
2014-07-20,일,527513
2014-07-21,월,842757
2014-07-22,화,834271
2014-07-23,수,834623
2014-07-24,목,771403
2014-07-25,금,857505
2014-07-26,토,692118
2014-07-27,일,520362
2014-07-28,월,790782
2014-07-29,화,362133
2014-07-30,수,1241626
2014-07-31,목,746266
2014-08-01,금,731772
2014-08-02,토,555803
2014-08-03,일,430761
2014-08-04,월,737484
2014-08-05,화,783773
2014-08-06,수,788515
2014-08-07,목,722504
2014-08-08,금,802282
2014-08-09,토,680586
2014-08-10,일,516048
2014-08-11,월,819006
2014-08-12,화,838862
2014-08-13,수,826531
2014-08-14,목,770932
2014-08-15,금,625771
2014-08-16,토,672766
2014-08-17,일,500851
2014-08-18,월,756287
2014-08-19,화,833367
2014-08-20,수,845970
2014-08-21,목,836280
2014-08-22,금,902281
2014-08-23,토,756890
2014-08-24,일,534176
2014-08-25,월,788686
2014-08-26,화,899793
2014-08-27,수,892996
2014-08-28,목,891673
2014-08-29,금,902522
2014-08-30,토,760889
2014-08-31,일,567552
2014-09-01,월,902828
2014-09-02,화,912463
2014-09-03,수,898443
2014-09-04,목,921049
2014-09-05,금,962273
2014-09-06,토,718003
2014-09-07,일,420609
2014-09-08,월,255783
2014-09-09,화,395351
2014-09-10,수,617564
2014-09-11,목,885058
2014-09-12,금,931384
2014-09-13,토,783155
2014-09-14,일,557898
2014-09-15,월,894432
2014-09-16,화,917447
2014-09-17,수,892569
2014-09-18,목,898703
2014-09-19,금,923894
2014-09-20,토,790084
2014-09-21,일,570225
2014-09-22,월,879275
2014-09-23,화,892083
2014-09-24,수,830352
2014-09-25,목,903674
2014-09-26,금,920450
2014-09-27,토,768469
2014-09-28,일,582443
2014-09-29,월,860259
2014-09-30,화,906140
2014-10-01,수,666144
2014-10-02,목,1172949
2014-10-03,금,677547
2014-10-04,토,736054
2014-10-05,일,561983
2014-10-06,월,847718
2014-10-07,화,940347
2014-10-08,수,940534
2014-10-09,목,665777
2014-10-10,금,920949
2014-10-11,토,773730
2014-10-12,일,551187
2014-10-13,월,837681
2014-10-14,화,901206
2014-10-15,수,913807
2014-10-16,목,890809
2014-10-17,금,907008
2014-10-18,토,769948
2014-10-19,일,559915
2014-10-20,월,818548
2014-10-21,화,840720
2014-10-22,수,852231
2014-10-23,목,891734
2014-10-24,금,931720
2014-10-25,토,773433
2014-10-26,일,573671
2014-10-27,월,868093
2014-10-28,화,887745
2014-10-29,수,897934
2014-10-30,목,884748
2014-10-31,금,854635
2014-11-01,토,732836
2014-11-02,일,505814
2014-11-03,월,860061
2014-11-04,화,874345
2014-11-05,수,891383
2014-11-06,목,885293
2014-11-07,금,898602
2014-11-08,토,733487
2014-11-09,일,543401
2014-11-10,월,877550
2014-11-11,화,888234
2014-11-12,수,916912
2014-11-13,목,837202
2014-11-14,금,890360
2014-11-15,토,746074
2014-11-16,일,527678
2014-11-17,월,867588
2014-11-18,화,879778
2014-11-19,수,864478
2014-11-20,목,917840
2014-11-21,금,920167
2014-11-22,토,779917
2014-11-23,일,528372
2014-11-24,월,805483
2014-11-25,화,884524
2014-11-26,수,903344
2014-11-27,목,873700
2014-11-28,금,881114
2014-11-29,토,722520
2014-11-30,일,476712
2014-12-01,월,832631
2014-12-02,화,827784
2014-12-03,수,841349
2014-12-04,목,847508
2014-12-05,금,858673
2014-12-06,토,687865
2014-12-07,일,485457
2014-12-08,월,905147
2014-12-09,화,860872
2014-12-10,수,870223
2014-12-11,목,854698
2014-12-12,금,867286
2014-12-13,토,689301
2014-12-14,일,489528
2014-12-15,월,845994
2014-12-16,화,832613
2014-12-17,수,831997
2014-12-18,목,806679
2014-12-19,금,889718
2014-12-20,토,734918
2014-12-21,일,530467
2014-12-22,월,867902
2014-12-23,화,860798
2014-12-24,수,890264
2014-12-25,목,603113
2014-12-26,금,845389
2014-12-27,토,683434
2014-12-28,일,502998
2014-12-29,월,810355
2014-12-30,화,830545
2014-12-31,수,816376
2015-01-01,목,365624
2015-01-02,금,700892
2015-01-03,토,619431
2015-01-04,일,468751
2015-01-05,월,791263
2015-01-06,화,792477
2015-01-07,수,782476
2015-01-08,목,782887
2015-01-09,금,806246
2015-01-10,토,680647
2015-01-11,일,486967
2015-01-12,월,776827
2015-01-13,화,791063
2015-01-14,수,791250
2015-01-15,목,783407
2015-01-16,금,807565
2015-01-17,토,661935
2015-01-18,일,487146
2015-01-19,월,764863
2015-01-20,화,803606
2015-01-21,수,764234
2015-01-22,목,757420
2015-01-23,금,800677
2015-01-24,토,685191
2015-01-25,일,486270
2015-01-26,월,753083
2015-01-27,화,786308
2015-01-28,수,762925
2015-01-29,목,745198
2015-01-30,금,765965
2015-01-31,토,652041
2015-02-01,일,485805
2015-02-02,월,791690
2015-02-03,화,810478
2015-02-04,수,833069
2015-02-05,목,823007
2015-02-06,금,847878
2015-02-07,토,686211
2015-02-08,일,460372
2015-02-09,월,756846
2015-02-10,화,805157
2015-02-11,수,812872
2015-02-12,목,801803
2015-02-13,금,808426
2015-02-14,토,705617
2015-02-15,일,500356
2015-02-16,월,741909
2015-02-17,화,787036
2015-02-18,수,377984
2015-02-19,목,222622
2015-02-20,금,353439
2015-02-21,토,517714
2015-02-22,일,494427
2015-02-23,월,804739
2015-02-24,화,822824
2015-02-25,수,838055
2015-02-26,목,818782
2015-02-27,금,826204
2015-02-28,토,713259
2015-03-01,일,521827
2015-03-02,월,883296
2015-03-03,화,843117
2015-03-04,수,862779
2015-03-05,목,871953
2015-03-06,금,893713
2015-03-07,토,740664
2015-03-08,일,562689
2015-03-09,월,864408
2015-03-10,화,834934
2015-03-11,수,878718
2015-03-12,목,860920
2015-03-13,금,887294
2015-03-14,토,754940
2015-03-15,일,568151
2015-03-16,월,857995
2015-03-17,화,887257
2015-03-18,수,797572
2015-03-19,목,872782
2015-03-20,금,914417
2015-03-21,토,781002
2015-03-22,일,548194
2015-03-23,월,849827
2015-03-24,화,869337
2015-03-25,수,884441
2015-03-26,목,882007
2015-03-27,금,897044
2015-03-28,토,768212
2015-03-29,일,566694
2015-03-30,월,865835
2015-03-31,화,851749
2015-04-01,수,856656
2015-04-02,목,845599
2015-04-03,금,885795
2015-04-04,토,722411
2015-04-05,일,511571
2015-04-06,월,827570
2015-04-07,화,869831
2015-04-08,수,856397
2015-04-09,목,878264
2015-04-10,금,910473
2015-04-11,토,768207
2015-04-12,일,541888
2015-04-13,월,811204
2015-04-14,화,862921
2015-04-15,수,893958
2015-04-16,목,847388
2015-04-17,금,890325
2015-04-18,토,725324
2015-04-19,일,479988
2015-04-20,월,784195
2015-04-21,화,883458
2015-04-22,수,861742
2015-04-23,목,863472
2015-04-24,금,865026
2015-04-25,토,736220
2015-04-26,일,555145
2015-04-27,월,834701
2015-04-28,화,843228
2015-04-29,수,807812
2015-04-30,목,875085
2015-05-01,금,818627
2015-05-02,토,685585
2015-05-03,일,461760
2015-05-04,월,815795
2015-05-05,화,620262
2015-05-06,수,841112
2015-05-07,목,874107
2015-05-08,금,879475
2015-05-09,토,738400
2015-05-10,일,553208
2015-05-11,월,817233
2015-05-12,화,840479
2015-05-13,수,867011
2015-05-14,목,857404
2015-05-15,금,922351
2015-05-16,토,745565
2015-05-17,일,550873
2015-05-18,월,814206
2015-05-19,화,847389
2015-05-20,수,859926
2015-05-21,목,856114
2015-05-22,금,878241
2015-05-23,토,736891
2015-05-24,일,531935
2015-05-25,월,625004
2015-05-26,화,852361
2015-05-27,수,861588
2015-05-28,목,836135
2015-05-29,금,862603
2015-05-30,토,696398
2015-05-31,일,523405
2015-06-01,월,827540
2015-06-02,화,811900
2015-06-03,수,830954
2015-06-04,목,828227
2015-06-05,금,806194
2015-06-06,토,591073
2015-06-07,일,473210
2015-06-08,월,769685
2015-06-09,화,794611
2015-06-10,수,798720
2015-06-11,목,793149
2015-06-12,금,802612
2015-06-13,토,665019
2015-06-14,일,467311
2015-06-15,월,765462
2015-06-16,화,767273
2015-06-17,수,721611
2015-06-18,목,721939
2015-06-19,금,741664
2015-06-20,토,560121
2015-06-21,일,438845
2015-06-22,월,719406
2015-06-23,화,730490
2015-06-24,수,747424
2015-06-25,목,731782
2015-06-26,금,753047
2015-06-27,토,631425
2015-06-28,일,467975
2015-06-29,월,756528
2015-06-30,화,724210
2015-07-01,수,776028
2015-07-02,목,779364
2015-07-03,금,797869
2015-07-04,토,647364
2015-07-05,일,472263
2015-07-06,월,774250
2015-07-07,화,747107
2015-07-08,수,779417
2015-07-09,목,736077
2015-07-10,금,829201
2015-07-11,토,683559
2015-07-12,일,388285
2015-07-13,월,769378
2015-07-14,화,792299
2015-07-15,수,812952
2015-07-16,목,823055
2015-07-17,금,823081
2015-07-18,토,665412
2015-07-19,일,491125
2015-07-20,월,756497
2015-07-21,화,758593
2015-07-22,수,783566
2015-07-23,목,738490
2015-07-24,금,779792
2015-07-25,토,643953
2015-07-26,일,468179
2015-07-27,월,723577
2015-07-28,화,727872
2015-07-29,수,709924
2015-07-30,목,716861
2015-07-31,금,703195
2015-08-01,토,501072
2015-08-02,일,394241
2015-08-03,월,626615
2015-08-04,화,644168
2015-08-05,수,685214
2015-08-06,목,687442
2015-08-07,금,699240
2015-08-08,토,574728
2015-08-09,일,435862
2015-08-10,월,725615
2015-08-11,화,737041
2015-08-12,수,690422
2015-08-13,목,739154
2015-08-14,금,698884
2015-08-15,토,530768
2015-08-16,일,448237
2015-08-17,월,740852
2015-08-18,화,757746
2015-08-19,수,769046
2015-08-20,목,751197
2015-08-21,금,775856
2015-08-22,토,644767
2015-08-23,일,462205
2015-08-24,월,761805
2015-08-25,화,673968
2015-08-26,수,805500
2015-08-27,목,790945
2015-08-28,금,814551
2015-08-29,토,660674
2015-08-30,일,481312
2015-08-31,월,787743
2015-09-01,화,793971
2015-09-02,수,804100
2015-09-03,목,803599
2015-09-04,금,827319
2015-09-05,토,674360
2015-09-06,일,479991
2015-09-07,월,800197
2015-09-08,화,808427
2015-09-09,수,822232
2015-09-10,목,813985
2015-09-11,금,832882
2015-09-12,토,654961
2015-09-13,일,515381
2015-09-14,월,795331
2015-09-15,화,808302
2015-09-16,수,818685
2015-09-17,목,784026
2015-09-18,금,842448
2015-09-19,토,700985
2015-09-20,일,512761
2015-09-21,월,814083
2015-09-22,화,808971
2015-09-23,수,819585
2015-09-24,목,815944
2015-09-25,금,849705
2015-09-26,토,406433
2015-09-27,일,251016
2015-09-28,월,365220
2015-09-29,화,492691
2015-09-30,수,784458
2015-10-01,목,743372
2015-10-02,금,837684
2015-10-03,토,624100
2015-10-04,일,492650
2015-10-05,월,803998
2015-10-06,화,641335
2015-10-07,수,997060
2015-10-08,목,837203
2015-10-09,금,619969
2015-10-10,토,656215
2015-10-11,일,489741
2015-10-12,월,775464
2015-10-13,화,808103
2015-10-14,수,809486
2015-10-15,목,796585
2015-10-16,금,796511
2015-10-17,토,673385
2015-10-18,일,506409
2015-10-19,월,752347
2015-10-20,화,807064
2015-10-21,수,801393
2015-10-22,목,793029
2015-10-23,금,810160
2015-10-24,토,678126
2015-10-25,일,507078
2015-10-26,월,783797
2015-10-27,화,759437
2015-10-28,수,804905
2015-10-29,목,791831
2015-10-30,금,801442
2015-10-31,토,657344
2015-11-01,일,471423
2015-11-02,월,768151
2015-11-03,화,784773
2015-11-04,수,795345
2015-11-05,목,786982
2015-11-06,금,798884
2015-11-07,토,592685
2015-11-08,일,425716
2015-11-09,월,765260
2015-11-10,화,779455
2015-11-11,수,825101
2015-11-12,목,772232
2015-11-13,금,755247
2015-11-14,토,693945
2015-11-15,일,487809
2015-11-16,월,771467
2015-11-17,화,771557
2015-11-18,수,772854
2015-11-19,목,786697
2015-11-20,금,833601
2015-11-21,토,663861
2015-11-22,일,467516
2015-11-23,월,759369
2015-11-24,화,787069
2015-11-25,수,787791
2015-11-26,목,775694
2015-11-27,금,779380
2015-11-28,토,622586
2015-11-29,일,453285
2015-11-30,월,759790
2015-12-01,화,768815
2015-12-02,수,755865
2015-12-03,목,754746
2015-12-04,금,781686
2015-12-05,토,605573
2015-12-06,일,436347
2015-12-07,월,754887
2015-12-08,화,770297
2015-12-09,수,782736
2015-12-10,목,733376
2015-12-11,금,798880
2015-12-12,토,640387
2015-12-13,일,457039
2015-12-14,월,755770
2015-12-15,화,778906
2015-12-16,수,763022
2015-12-17,목,753427
2015-12-18,금,775719
2015-12-19,토,650475
2015-12-20,일,457328
2015-12-21,월,745094
2015-12-22,화,777999
2015-12-23,수,746671
2015-12-24,목,775386
2015-12-25,금,536915
2015-12-26,토,580539
2015-12-27,일,431907
2015-12-28,월,711686
2015-12-29,화,713294
2015-12-30,수,722425
2015-12-31,목,713532
2016-01-01,금,343831
2016-01-02,토,501344
2016-01-03,일,424397
2016-01-04,월,694657
2016-01-05,화,699843
2016-01-06,수,695253
2016-01-07,목,683302
2016-01-08,금,707967
2016-01-09,토,446244
2016-01-10,일,594996
2016-01-11,월,696262
2016-01-12,화,688548
2016-01-13,수,684905
2016-01-14,목,677136
2016-01-15,금,711855
2016-01-16,토,590851
2016-01-17,일,412990
2016-01-18,월,660702
2016-01-19,화,614325
2016-01-20,수,641345
2016-01-21,목,654436
2016-01-22,금,683797
2016-01-23,토,534903
2016-01-24,일,330063
2016-01-25,월,624311
2016-01-26,화,674697
2016-01-27,수,683477
2016-01-28,목,671267
2016-01-29,금,749809
2016-01-30,토,582777
2016-01-31,일,428940
2016-02-01,월,716103
2016-02-02,화,723167
2016-02-03,수,747483
2016-02-04,목,739873
2016-02-05,금,745146
2016-02-06,토,550059
2016-02-07,일,323029
2016-02-08,월,197073
2016-02-09,화,298512
2016-02-10,수,458135
2016-02-11,목,675069
2016-02-12,금,683841
2016-02-13,토,579906
2016-02-14,일,452815
2016-02-15,월,693869
2016-02-16,화,697501
2016-02-17,수,709744
2016-02-18,목,708493
2016-02-19,금,718538
2016-02-20,토,618255
2016-02-21,일,449684
2016-02-22,월,703896
2016-02-23,화,690870
2016-02-24,수,695474
2016-02-25,목,669633
2016-02-26,금,715980
2016-02-27,토,626616
2016-02-28,일,439676
2016-02-29,월,671448
2016-03-01,화,495458
2016-03-02,수,814864
2016-03-03,목,775564
2016-03-04,금,752154
2016-03-05,토,593420
2016-03-06,일,466905
2016-03-07,월,771248
2016-03-08,화,765886
2016-03-09,수,786774
2016-03-10,목,789379
2016-03-11,금,783819
2016-03-12,토,642826
2016-03-13,일,459637
2016-03-14,월,763799
2016-03-15,화,770227
2016-03-16,수,782629
2016-03-17,목,773873
2016-03-18,금,750620
2016-03-19,토,672993
2016-03-20,일,325317
2016-03-21,월,816647
2016-03-22,화,871482
2016-03-23,수,784635
2016-03-24,목,764203
2016-03-25,금,763516
2016-03-26,토,624753
2016-03-27,일,523585
2016-03-28,월,789567
2016-03-29,화,766800
2016-03-30,수,786894
2016-03-31,목,769515
2016-04-01,금,816390
2016-04-02,토,701733
2016-04-03,일,403374
2016-04-04,월,748054
2016-04-05,화,778059
2016-04-06,수,780409
2016-04-07,목,751060
2016-04-08,금,810925
2016-04-09,토,689242
2016-04-10,일,491199
2016-04-11,월,758337
2016-04-12,화,784965
2016-04-13,수,538077
2016-04-14,목,776002
2016-04-15,금,796286
2016-04-16,토,615955
2016-04-17,일,455528
2016-04-18,월,755047
2016-04-19,화,765828
2016-04-20,수,778021
2016-04-21,목,727635
2016-04-22,금,804994
2016-04-23,토,642279
2016-04-24,일,474552
2016-04-25,월,764091
2016-04-26,화,788669
2016-04-27,수,718065
2016-04-28,목,777161
2016-04-29,금,825957
2016-04-30,토,691154
2016-05-01,일,496233
2016-05-02,월,779919
2016-05-03,화,745523
2016-05-04,수,845116
2016-05-05,목,581676
2016-05-06,금,630535
2016-05-07,토,641520
2016-05-08,일,473538
2016-05-09,월,762617
2016-05-10,화,738670
2016-05-11,수,813035
2016-05-12,목,801583
2016-05-13,금,846426
2016-05-14,토,669323
2016-05-15,일,500642
2016-05-16,월,772368
2016-05-17,화,795705
2016-05-18,수,794845
2016-05-19,목,785641
2016-05-20,금,812028
2016-05-21,토,693220
2016-05-22,일,501832
2016-05-23,월,765799
2016-05-24,화,741259
2016-05-25,수,814508
2016-05-26,목,788514
2016-05-27,금,807914
2016-05-28,토,680319
2016-05-29,일,482181
2016-05-30,월,771172
2016-05-31,화,769218
2016-06-01,수,782837
2016-06-02,목,794261
2016-06-03,금,814664
2016-06-04,토,626004
2016-06-05,일,513861
2016-06-06,월,489994
2016-06-07,화,682274
2016-06-08,수,848447
2016-06-09,목,779239
2016-06-10,금,802480
2016-06-11,토,659807
2016-06-12,일,457260
2016-06-13,월,743985
2016-06-14,화,770339
2016-06-15,수,774342
2016-06-16,목,777865
2016-06-17,금,802650
2016-06-18,토,668517
2016-06-19,일,468269
2016-06-20,월,757960
2016-06-21,화,769579
2016-06-22,수,746110
2016-06-23,목,754150
2016-06-24,금,738726
2016-06-25,토,658343
2016-06-26,일,480016
2016-06-27,월,737662
2016-06-28,화,749071
2016-06-29,수,748207
2016-06-30,목,755797
2016-07-01,금,720062
2016-07-02,토,580826
2016-07-03,일,406358
2016-07-04,월,730383
2016-07-05,화,763332
2016-07-06,수,699145
2016-07-07,목,758795
2016-07-08,금,794965
2016-07-09,토,623468
2016-07-10,일,450598
2016-07-11,월,745925
2016-07-12,화,768604
2016-07-13,수,778356
2016-07-14,목,756498
2016-07-15,금,795761
2016-07-16,토,591100
2016-07-17,일,463945
2016-07-18,월,754528
2016-07-19,화,774086
2016-07-20,수,761535
2016-07-21,목,733152
2016-07-22,금,737366
2016-07-23,토,605166
2016-07-24,일,424044
2016-07-25,월,685267
2016-07-26,화,711262
2016-07-27,수,727408
2016-07-28,목,698927
2016-07-29,금,701193
2016-07-30,토,540824
2016-07-31,일,388046
2016-08-01,월,605404
2016-08-02,화,615742
2016-08-03,수,661743
2016-08-04,목,666858
2016-08-05,금,690647
2016-08-06,토,568130
2016-08-07,일,410927
2016-08-08,월,671981
2016-08-09,화,697561
2016-08-10,수,716787
2016-08-11,목,690153
2016-08-12,금,701960
2016-08-13,토,571635
2016-08-14,일,408747
2016-08-15,월,463697
2016-08-16,화,719954
2016-08-17,수,752634
2016-08-18,목,734630
2016-08-19,금,761766
2016-08-20,토,613765
2016-08-21,일,447434
2016-08-22,월,730993
2016-08-23,화,741456
2016-08-24,수,757299
2016-08-25,목,751947
2016-08-26,금,748417
2016-08-27,토,644592
2016-08-28,일,408936
2016-08-29,월,788448
2016-08-30,화,765268
2016-08-31,수,780799
2016-09-01,목,812348
2016-09-02,금,738217
2016-09-03,토,618412
2016-09-04,일,466764
2016-09-05,월,773013
2016-09-06,화,793281
2016-09-07,수,806815
2016-09-08,목,793846
2016-09-09,금,825513
2016-09-10,토,661174
2016-09-11,일,488583
2016-09-12,월,779370
2016-09-13,화,815120
2016-09-14,수,380946
2016-09-15,목,230387
2016-09-16,금,315094
2016-09-17,토,381842
2016-09-18,일,420264
2016-09-19,월,775392
2016-09-20,화,794834
2016-09-21,수,805828
2016-09-22,목,768370
2016-09-23,금,821243
2016-09-24,토,685843
2016-09-25,일,496646
2016-09-26,월,753472
2016-09-27,화,775130
2016-09-28,수,762884
2016-09-29,목,777260
2016-09-30,금,775569
2016-10-01,토,649063
2016-10-02,일,473612
2016-10-03,월,502860
2016-10-04,화,782769
2016-10-05,수,718028
2016-10-06,목,804973
2016-10-07,금,804222
2016-10-08,토,618443
2016-10-09,일,507704
2016-10-10,월,762353
2016-10-11,화,773723
2016-10-12,수,782886
2016-10-13,목,773976
2016-10-14,금,797515
2016-10-15,토,686635
2016-10-16,일,427463
2016-10-17,월,751702
2016-10-18,화,765216
2016-10-19,수,773185
2016-10-20,목,774182
2016-10-21,금,785334
2016-10-22,토,658565
2016-10-23,일,482141
2016-10-24,월,746043
2016-10-25,화,753597
2016-10-26,수,790908
2016-10-27,목,778367
2016-10-28,금,761902
2016-10-29,토,661337
2016-10-30,일,485046
2016-10-31,월,753670
2016-11-01,화,747521
2016-11-02,수,760524
2016-11-03,목,756595
2016-11-04,금,780816
2016-11-05,토,654836
2016-11-06,일,462515
2016-11-07,월,745491
2016-11-08,화,742104
2016-11-09,수,765671
2016-11-10,목,755442
2016-11-11,금,791045
2016-11-12,토,649956
2016-11-13,일,464805
2016-11-14,월,743365
2016-11-15,화,753253
2016-11-16,수,799752
2016-11-17,목,747610
2016-11-18,금,784652
2016-11-19,토,643584
2016-11-20,일,489305
2016-11-21,월,765022
2016-11-22,화,753666
2016-11-23,수,764069
2016-11-24,목,750812
2016-11-25,금,785328
2016-11-26,토,608027
2016-11-27,일,444614
2016-11-28,월,746796
2016-11-29,화,752035
2016-11-30,수,765902
2016-12-01,목,749238
2016-12-02,금,773465
2016-12-03,토,600499
2016-12-04,일,435968
2016-12-05,월,736319
2016-12-06,화,730916
2016-12-07,수,742951
2016-12-08,목,752446
2016-12-09,금,759910
2016-12-10,토,608975
2016-12-11,일,439890
2016-12-12,월,718083
2016-12-13,화,768435
2016-12-14,수,752214
2016-12-15,목,763559
2016-12-16,금,759676
2016-12-17,토,629482
2016-12-18,일,464617
2016-12-19,월,712049
2016-12-20,화,762722
2016-12-21,수,772449
2016-12-22,목,725308
2016-12-23,금,750497
2016-12-24,토,605840
2016-12-25,일,468831
2016-12-26,월,646499
2016-12-27,화,701576
2016-12-28,수,698132
2016-12-29,목,698054
2016-12-30,금,691452
2016-12-31,토,540115
2017-01-01,일,356502
2017-01-02,월,634678
2017-01-03,화,667314
2017-01-04,수,667204
2017-01-05,목,663840
2017-01-06,금,690221
2017-01-07,토,575646
2017-01-08,일,423713
2017-01-09,월,662294
2017-01-10,화,670790
2017-01-11,수,661338
2017-01-12,목,663251
2017-01-13,금,673903
2017-01-14,토,528927
2017-01-15,일,392319
2017-01-16,월,645505
2017-01-17,화,659484
2017-01-18,수,660831
2017-01-19,목,676380
2017-01-20,금,673802
2017-01-21,토,569410
2017-01-22,일,394298
2017-01-23,월,650726
2017-01-24,화,651405
2017-01-25,수,676686
2017-01-26,목,669728
2017-01-27,금,335270
2017-01-28,토,201584
2017-01-29,일,299968
2017-01-30,월,413242
2017-01-31,화,627960
